"filename", "language", "JSON with Comments", "sqlite3-editor-database", "JavaScript", "JSON", "TypeScript", "Markdown", "Log", "Docker", "TypeScript JSX", "XML", "SCSS", "CSS", "comment", "blank", "total"
"c:\projects\r2h\r2h_project_3day_challenge\.eslintrc.json", "JSON with Comments", 3, 0, 0, 0, 0, 0, 0, 0, 0, 0, 0, 0, 0, 1, 4
"c:\projects\r2h\r2h_project_3day_challenge\.next\app-build-manifest.json", "JSON", 0, 0, 0, 56, 0, 0, 0, 0, 0, 0, 0, 0, 0, 0, 56
"c:\projects\r2h\r2h_project_3day_challenge\.next\build-manifest.json", "JSON", 0, 0, 0, 19, 0, 0, 0, 0, 0, 0, 0, 0, 0, 0, 19
"c:\projects\r2h\r2h_project_3day_challenge\.next\package.json", "JSON", 0, 0, 0, 1, 0, 0, 0, 0, 0, 0, 0, 0, 0, 0, 1
"c:\projects\r2h\r2h_project_3day_challenge\.next\react-loadable-manifest.json", "JSON", 0, 0, 0, 1, 0, 0, 0, 0, 0, 0, 0, 0, 0, 0, 1
"c:\projects\r2h\r2h_project_3day_challenge\.next\server\app-paths-manifest.json", "JSON", 0, 0, 0, 8, 0, 0, 0, 0, 0, 0, 0, 0, 0, 0, 8
"c:\projects\r2h\r2h_project_3day_challenge\.next\server\app\aboutme\page.js", "JavaScript", 0, 0, 166, 0, 0, 0, 0, 0, 0, 0, 0, 0, 102, 97, 365
"c:\projects\r2h\r2h_project_3day_challenge\.next\server\app\aboutme\page_client-reference-manifest.js", "JavaScript", 0, 0, 1, 0, 0, 0, 0, 0, 0, 0, 0, 0, 0, 0, 1
"c:\projects\r2h\r2h_project_3day_challenge\.next\server\app\college\page.js", "JavaScript", 0, 0, 194, 0, 0, 0, 0, 0, 0, 0, 0, 0, 118, 113, 425
"c:\projects\r2h\r2h_project_3day_challenge\.next\server\app\college\page_client-reference-manifest.js", "JavaScript", 0, 0, 1, 0, 0, 0, 0, 0, 0, 0, 0, 0, 0, 0, 1
"c:\projects\r2h\r2h_project_3day_challenge\.next\server\app\contactme\page.js", "JavaScript", 0, 0, 184, 0, 0, 0, 0, 0, 0, 0, 0, 0, 112, 107, 403
"c:\projects\r2h\r2h_project_3day_challenge\.next\server\app\contactme\page_client-reference-manifest.js", "JavaScript", 0, 0, 1, 0, 0, 0, 0, 0, 0, 0, 0, 0, 0, 0, 1
"c:\projects\r2h\r2h_project_3day_challenge\.next\server\app\formdata\page.js", "JavaScript", 0, 0, 194, 0, 0, 0, 0, 0, 0, 0, 0, 0, 118, 113, 425
"c:\projects\r2h\r2h_project_3day_challenge\.next\server\app\formdata\page_client-reference-manifest.js", "JavaScript", 0, 0, 1, 0, 0, 0, 0, 0, 0, 0, 0, 0, 0, 0, 1
"c:\projects\r2h\r2h_project_3day_challenge\.next\server\app\r2h\page.js", "JavaScript", 0, 0, 166, 0, 0, 0, 0, 0, 0, 0, 0, 0, 102, 97, 365
"c:\projects\r2h\r2h_project_3day_challenge\.next\server\app\r2h\page_client-reference-manifest.js", "JavaScript", 0, 0, 1, 0, 0, 0, 0, 0, 0, 0, 0, 0, 0, 0, 1
"c:\projects\r2h\r2h_project_3day_challenge\.next\server\app\rustpage\page.js", "JavaScript", 0, 0, 166, 0, 0, 0, 0, 0, 0, 0, 0, 0, 102, 97, 365
"c:\projects\r2h\r2h_project_3day_challenge\.next\server\app\rustpage\page_client-reference-manifest.js", "JavaScript", 0, 0, 1, 0, 0, 0, 0, 0, 0, 0, 0, 0, 0, 0, 1
"c:\projects\r2h\r2h_project_3day_challenge\.next\server\app\stack\page.js", "JavaScript", 0, 0, 166, 0, 0, 0, 0, 0, 0, 0, 0, 0, 102, 97, 365
"c:\projects\r2h\r2h_project_3day_challenge\.next\server\app\stack\page_client-reference-manifest.js", "JavaScript", 0, 0, 1, 0, 0, 0, 0, 0, 0, 0, 0, 0, 0, 0, 1
"c:\projects\r2h\r2h_project_3day_challenge\.next\server\app\toxpy\page.js", "JavaScript", 0, 0, 166, 0, 0, 0, 0, 0, 0, 0, 0, 0, 102, 97, 365
"c:\projects\r2h\r2h_project_3day_challenge\.next\server\app\toxpy\page_client-reference-manifest.js", "JavaScript", 0, 0, 1, 0, 0, 0, 0, 0, 0, 0, 0, 0, 0, 0, 1
"c:\projects\r2h\r2h_project_3day_challenge\.next\server\middleware-build-manifest.js", "JavaScript", 0, 0, 1, 0, 0, 0, 0, 0, 0, 0, 0, 0, 0, 0, 1
"c:\projects\r2h\r2h_project_3day_challenge\.next\server\middleware-manifest.json", "JSON", 0, 0, 0, 6, 0, 0, 0, 0, 0, 0, 0, 0, 0, 0, 6
"c:\projects\r2h\r2h_project_3day_challenge\.next\server\middleware-react-loadable-manifest.js", "JavaScript", 0, 0, 1, 0, 0, 0, 0, 0, 0, 0, 0, 0, 0, 0, 1
"c:\projects\r2h\r2h_project_3day_challenge\.next\server\next-font-manifest.js", "JavaScript", 0, 0, 1, 0, 0, 0, 0, 0, 0, 0, 0, 0, 0, 0, 1
"c:\projects\r2h\r2h_project_3day_challenge\.next\server\next-font-manifest.json", "JSON", 0, 0, 0, 1, 0, 0, 0, 0, 0, 0, 0, 0, 0, 0, 1
"c:\projects\r2h\r2h_project_3day_challenge\.next\server\pages-manifest.json", "JSON", 0, 0, 0, 1, 0, 0, 0, 0, 0, 0, 0, 0, 0, 0, 1
"c:\projects\r2h\r2h_project_3day_challenge\.next\server\server-reference-manifest.js", "JavaScript", 0, 0, 1, 0, 0, 0, 0, 0, 0, 0, 0, 0, 0, 0, 1
"c:\projects\r2h\r2h_project_3day_challenge\.next\server\server-reference-manifest.json", "JSON", 0, 0, 0, 5, 0, 0, 0, 0, 0, 0, 0, 0, 0, 0, 5
"c:\projects\r2h\r2h_project_3day_challenge\.next\server\vendor-chunks\@babel.js", "JavaScript", 0, 0, 26, 0, 0, 0, 0, 0, 0, 0, 0, 0, 23, 16, 65
"c:\projects\r2h\r2h_project_3day_challenge\.next\server\vendor-chunks\@floating-ui.js", "JavaScript", 0, 0, 30, 0, 0, 0, 0, 0, 0, 0, 0, 0, 26, 19, 75
"c:\projects\r2h\r2h_project_3day_challenge\.next\server\vendor-chunks\@mantine.js", "JavaScript", 0, 0, 2314, 0, 0, 0, 0, 0, 0, 0, 0, 0, 1725, 1718, 5757
"c:\projects\r2h\r2h_project_3day_challenge\.next\server\vendor-chunks\@swc.js", "JavaScript", 0, 0, 30, 0, 0, 0, 0, 0, 0, 0, 0, 0, 26, 19, 75
"c:\projects\r2h\r2h_project_3day_challenge\.next\server\vendor-chunks\aria-hidden.js", "JavaScript", 0, 0, 10, 0, 0, 0, 0, 0, 0, 0, 0, 0, 11, 4, 25
"c:\projects\r2h\r2h_project_3day_challenge\.next\server\vendor-chunks\clsx.js", "JavaScript", 0, 0, 10, 0, 0, 0, 0, 0, 0, 0, 0, 0, 11, 4, 25
"c:\projects\r2h\r2h_project_3day_challenge\.next\server\vendor-chunks\framer-motion.js", "JavaScript", 0, 0, 826, 0, 0, 0, 0, 0, 0, 0, 0, 0, 623, 616, 2065
"c:\projects\r2h\r2h_project_3day_challenge\.next\server\vendor-chunks\get-nonce.js", "JavaScript", 0, 0, 10, 0, 0, 0, 0, 0, 0, 0, 0, 0, 11, 4, 25
"c:\projects\r2h\r2h_project_3day_challenge\.next\server\vendor-chunks\moment.js", "JavaScript", 0, 0, 10, 0, 0, 0, 0, 0, 0, 0, 0, 0, 11, 4, 25
"c:\projects\r2h\r2h_project_3day_challenge\.next\server\vendor-chunks\next.js", "JavaScript", 0, 0, 1004, 0, 0, 0, 0, 0, 0, 0, 0, 0, 608, 601, 2213
"c:\projects\r2h\r2h_project_3day_challenge\.next\server\vendor-chunks\object-assign.js", "JavaScript", 0, 0, 10, 0, 0, 0, 0, 0, 0, 0, 0, 0, 11, 4, 25
"c:\projects\r2h\r2h_project_3day_challenge\.next\server\vendor-chunks\prop-types.js", "JavaScript", 0, 0, 26, 0, 0, 0, 0, 0, 0, 0, 0, 0, 23, 16, 65
"c:\projects\r2h\r2h_project_3day_challenge\.next\server\vendor-chunks\react-is.js", "JavaScript", 0, 0, 14, 0, 0, 0, 0, 0, 0, 0, 0, 0, 14, 7, 35
"c:\projects\r2h\r2h_project_3day_challenge\.next\server\vendor-chunks\react-number-format.js", "JavaScript", 0, 0, 10, 0, 0, 0, 0, 0, 0, 0, 0, 0, 11, 4, 25
"c:\projects\r2h\r2h_project_3day_challenge\.next\server\vendor-chunks\react-remove-scroll-bar.js", "JavaScript", 0, 0, 22, 0, 0, 0, 0, 0, 0, 0, 0, 0, 20, 13, 55
"c:\projects\r2h\r2h_project_3day_challenge\.next\server\vendor-chunks\react-remove-scroll.js", "JavaScript", 0, 0, 34, 0, 0, 0, 0, 0, 0, 0, 0, 0, 29, 22, 85
"c:\projects\r2h\r2h_project_3day_challenge\.next\server\vendor-chunks\react-style-singleton.js", "JavaScript", 0, 0, 22, 0, 0, 0, 0, 0, 0, 0, 0, 0, 20, 13, 55
"c:\projects\r2h\r2h_project_3day_challenge\.next\server\vendor-chunks\react-textarea-autosize.js", "JavaScript", 0, 0, 10, 0, 0, 0, 0, 0, 0, 0, 0, 0, 11, 4, 25
"c:\projects\r2h\r2h_project_3day_challenge\.next\server\vendor-chunks\react-transition-group.js", "JavaScript", 0, 0, 34, 0, 0, 0, 0, 0, 0, 0, 0, 0, 29, 22, 85
"c:\projects\r2h\r2h_project_3day_challenge\.next\server\vendor-chunks\tabbable.js", "JavaScript", 0, 0, 10, 0, 0, 0, 0, 0, 0, 0, 0, 0, 11, 4, 25
"c:\projects\r2h\r2h_project_3day_challenge\.next\server\vendor-chunks\tslib.js", "JavaScript", 0, 0, 10, 0, 0, 0, 0, 0, 0, 0, 0, 0, 11, 4, 25
"c:\projects\r2h\r2h_project_3day_challenge\.next\server\vendor-chunks\use-callback-ref.js", "JavaScript", 0, 0, 18, 0, 0, 0, 0, 0, 0, 0, 0, 0, 17, 10, 45
"c:\projects\r2h\r2h_project_3day_challenge\.next\server\vendor-chunks\use-composed-ref.js", "JavaScript", 0, 0, 10, 0, 0, 0, 0, 0, 0, 0, 0, 0, 11, 4, 25
"c:\projects\r2h\r2h_project_3day_challenge\.next\server\vendor-chunks\use-sidecar.js", "JavaScript", 0, 0, 14, 0, 0, 0, 0, 0, 0, 0, 0, 0, 14, 7, 35
"c:\projects\r2h\r2h_project_3day_challenge\.next\server\webpack-runtime.js", "JavaScript", 0, 0, 181, 0, 0, 0, 0, 0, 0, 0, 0, 0, 39, 0, 220
"c:\projects\r2h\r2h_project_3day_challenge\.next\static\chunks\app-pages-internals.js", "JavaScript", 0, 0, 58, 0, 0, 0, 0, 0, 0, 0, 0, 0, 38, 31, 127
"c:\projects\r2h\r2h_project_3day_challenge\.next\static\chunks\app\aboutme\page.js", "JavaScript", 0, 0, 3963, 0, 0, 0, 0, 0, 0, 0, 0, 0, 2381, 2374, 8718
"c:\projects\r2h\r2h_project_3day_challenge\.next\static\chunks\app\college\page.js", "JavaScript", 0, 0, 3978, 0, 0, 0, 0, 0, 0, 0, 0, 0, 2390, 2383, 8751
"c:\projects\r2h\r2h_project_3day_challenge\.next\static\chunks\app\contactme\page.js", "JavaScript", 0, 0, 3978, 0, 0, 0, 0, 0, 0, 0, 0, 0, 2390, 2383, 8751
"c:\projects\r2h\r2h_project_3day_challenge\.next\static\chunks\app\formdata\page.js", "JavaScript", 0, 0, 3972, 0, 0, 0, 0, 0, 0, 0, 0, 0, 2387, 2380, 8739
"c:\projects\r2h\r2h_project_3day_challenge\.next\static\chunks\app\layout.js", "JavaScript", 0, 0, 3106, 0, 0, 0, 0, 0, 0, 0, 0, 0, 1871, 1864, 6841
"c:\projects\r2h\r2h_project_3day_challenge\.next\static\chunks\app\loading.js", "JavaScript", 0, 0, 21, 0, 0, 0, 0, 0, 0, 0, 0, 0, 17, 10, 48
"c:\projects\r2h\r2h_project_3day_challenge\.next\static\chunks\app\r2h\page.js", "JavaScript", 0, 0, 1408, 0, 0, 0, 0, 0, 0, 0, 0, 0, 848, 841, 3097
"c:\projects\r2h\r2h_project_3day_challenge\.next\static\chunks\app\rustpage\page.js", "JavaScript", 0, 0, 1403, 0, 0, 0, 0, 0, 0, 0, 0, 0, 845, 838, 3086
"c:\projects\r2h\r2h_project_3day_challenge\.next\static\chunks\app\stack\page.js", "JavaScript", 0, 0, 1468, 0, 0, 0, 0, 0, 0, 0, 0, 0, 884, 877, 3229
"c:\projects\r2h\r2h_project_3day_challenge\.next\static\chunks\app\toxpy\page.js", "JavaScript", 0, 0, 1403, 0, 0, 0, 0, 0, 0, 0, 0, 0, 845, 838, 3086
"c:\projects\r2h\r2h_project_3day_challenge\.next\static\chunks\main-app.js", "JavaScript", 0, 0, 813, 0, 0, 0, 0, 0, 0, 0, 0, 0, 494, 487, 1794
"c:\projects\r2h\r2h_project_3day_challenge\.next\static\chunks\polyfills.js", "JavaScript", 0, 0, 1, 0, 0, 0, 0, 0, 0, 0, 0, 0, 0, 1, 2
"c:\projects\r2h\r2h_project_3day_challenge\.next\static\chunks\webpack.js", "JavaScript", 0, 0, 1294, 0, 0, 0, 0, 0, 0, 0, 0, 0, 122, 0, 1416
"c:\projects\r2h\r2h_project_3day_challenge\.next\static\css\app\layout.css", "CSS", 0, 0, 0, 0, 0, 0, 0, 0, 0, 0, 0, 169, 27, 17, 213
"c:\projects\r2h\r2h_project_3day_challenge\.next\static\css\app\loading.css", "CSS", 0, 0, 0, 0, 0, 0, 0, 0, 0, 0, 0, 29, 3, 6, 38
"c:\projects\r2h\r2h_project_3day_challenge\.next\static\development\_buildManifest.js", "JavaScript", 0, 0, 1, 0, 0, 0, 0, 0, 0, 0, 0, 0, 0, 0, 1
"c:\projects\r2h\r2h_project_3day_challenge\.next\static\development\_ssgManifest.js", "JavaScript", 0, 0, 1, 0, 0, 0, 0, 0, 0, 0, 0, 0, 0, 0, 1
"c:\projects\r2h\r2h_project_3day_challenge\.next\static\webpack\01ade2b8f6f9efae.webpack.hot-update.json", "JSON", 0, 0, 0, 1, 0, 0, 0, 0, 0, 0, 0, 0, 0, 0, 1
"c:\projects\r2h\r2h_project_3day_challenge\.next\static\webpack\043805252b7022f2.webpack.hot-update.json", "JSON", 0, 0, 0, 1, 0, 0, 0, 0, 0, 0, 0, 0, 0, 0, 1
"c:\projects\r2h\r2h_project_3day_challenge\.next\static\webpack\05e1375f44bb6842.webpack.hot-update.json", "JSON", 0, 0, 0, 1, 0, 0, 0, 0, 0, 0, 0, 0, 0, 0, 1
"c:\projects\r2h\r2h_project_3day_challenge\.next\static\webpack\06086b6a440a5639.webpack.hot-update.json", "JSON", 0, 0, 0, 1, 0, 0, 0, 0, 0, 0, 0, 0, 0, 0, 1
"c:\projects\r2h\r2h_project_3day_challenge\.next\static\webpack\070ae4a2cfe1b1bc.webpack.hot-update.json", "JSON", 0, 0, 0, 1, 0, 0, 0, 0, 0, 0, 0, 0, 0, 0, 1
"c:\projects\r2h\r2h_project_3day_challenge\.next\static\webpack\07102ca4f8a2d94f.webpack.hot-update.json", "JSON", 0, 0, 0, 1, 0, 0, 0, 0, 0, 0, 0, 0, 0, 0, 1
"c:\projects\r2h\r2h_project_3day_challenge\.next\static\webpack\08def2f14b3efef0.webpack.hot-update.json", "JSON", 0, 0, 0, 1, 0, 0, 0, 0, 0, 0, 0, 0, 0, 0, 1
"c:\projects\r2h\r2h_project_3day_challenge\.next\static\webpack\099028b324a2e314.webpack.hot-update.json", "JSON", 0, 0, 0, 1, 0, 0, 0, 0, 0, 0, 0, 0, 0, 0, 1
"c:\projects\r2h\r2h_project_3day_challenge\.next\static\webpack\0b0248b9376bc4ca.webpack.hot-update.json", "JSON", 0, 0, 0, 1, 0, 0, 0, 0, 0, 0, 0, 0, 0, 0, 1
"c:\projects\r2h\r2h_project_3day_challenge\.next\static\webpack\0c089b2e388c75cd.webpack.hot-update.json", "JSON", 0, 0, 0, 1, 0, 0, 0, 0, 0, 0, 0, 0, 0, 0, 1
"c:\projects\r2h\r2h_project_3day_challenge\.next\static\webpack\0d3c3fad161b0e95.webpack.hot-update.json", "JSON", 0, 0, 0, 1, 0, 0, 0, 0, 0, 0, 0, 0, 0, 0, 1
"c:\projects\r2h\r2h_project_3day_challenge\.next\static\webpack\10c9379971e812c9.webpack.hot-update.json", "JSON", 0, 0, 0, 1, 0, 0, 0, 0, 0, 0, 0, 0, 0, 0, 1
"c:\projects\r2h\r2h_project_3day_challenge\.next\static\webpack\119df899162404a8.webpack.hot-update.json", "JSON", 0, 0, 0, 1, 0, 0, 0, 0, 0, 0, 0, 0, 0, 0, 1
"c:\projects\r2h\r2h_project_3day_challenge\.next\static\webpack\12e6cbfb8dd5aa65.webpack.hot-update.json", "JSON", 0, 0, 0, 1, 0, 0, 0, 0, 0, 0, 0, 0, 0, 0, 1
"c:\projects\r2h\r2h_project_3day_challenge\.next\static\webpack\15a7b2355f0a62c8.webpack.hot-update.json", "JSON", 0, 0, 0, 1, 0, 0, 0, 0, 0, 0, 0, 0, 0, 0, 1
"c:\projects\r2h\r2h_project_3day_challenge\.next\static\webpack\16481098d89583ea.webpack.hot-update.json", "JSON", 0, 0, 0, 1, 0, 0, 0, 0, 0, 0, 0, 0, 0, 0, 1
"c:\projects\r2h\r2h_project_3day_challenge\.next\static\webpack\17965bb587e2a91f.webpack.hot-update.json", "JSON", 0, 0, 0, 1, 0, 0, 0, 0, 0, 0, 0, 0, 0, 0, 1
"c:\projects\r2h\r2h_project_3day_challenge\.next\static\webpack\1990ee64eb0f7f7c.webpack.hot-update.json", "JSON", 0, 0, 0, 1, 0, 0, 0, 0, 0, 0, 0, 0, 0, 0, 1
"c:\projects\r2h\r2h_project_3day_challenge\.next\static\webpack\1f8c34d05b5e05ef.webpack.hot-update.json", "JSON", 0, 0, 0, 1, 0, 0, 0, 0, 0, 0, 0, 0, 0, 0, 1
"c:\projects\r2h\r2h_project_3day_challenge\.next\static\webpack\228353588adb39f7.webpack.hot-update.json", "JSON", 0, 0, 0, 1, 0, 0, 0, 0, 0, 0, 0, 0, 0, 0, 1
"c:\projects\r2h\r2h_project_3day_challenge\.next\static\webpack\253e1a4d7aad8045.webpack.hot-update.json", "JSON", 0, 0, 0, 1, 0, 0, 0, 0, 0, 0, 0, 0, 0, 0, 1
"c:\projects\r2h\r2h_project_3day_challenge\.next\static\webpack\27abc2c6650d0b2f.webpack.hot-update.json", "JSON", 0, 0, 0, 1, 0, 0, 0, 0, 0, 0, 0, 0, 0, 0, 1
"c:\projects\r2h\r2h_project_3day_challenge\.next\static\webpack\2a4b3876aa362ae5.webpack.hot-update.json", "JSON", 0, 0, 0, 1, 0, 0, 0, 0, 0, 0, 0, 0, 0, 0, 1
"c:\projects\r2h\r2h_project_3day_challenge\.next\static\webpack\3024dcd3b58930b9.webpack.hot-update.json", "JSON", 0, 0, 0, 1, 0, 0, 0, 0, 0, 0, 0, 0, 0, 0, 1
"c:\projects\r2h\r2h_project_3day_challenge\.next\static\webpack\3333ee120392b557.webpack.hot-update.json", "JSON", 0, 0, 0, 1, 0, 0, 0, 0, 0, 0, 0, 0, 0, 0, 1
"c:\projects\r2h\r2h_project_3day_challenge\.next\static\webpack\37dd01c2dfa0c191.webpack.hot-update.json", "JSON", 0, 0, 0, 1, 0, 0, 0, 0, 0, 0, 0, 0, 0, 0, 1
"c:\projects\r2h\r2h_project_3day_challenge\.next\static\webpack\3d3422f4890ea203.webpack.hot-update.json", "JSON", 0, 0, 0, 1, 0, 0, 0, 0, 0, 0, 0, 0, 0, 0, 1
"c:\projects\r2h\r2h_project_3day_challenge\.next\static\webpack\3d60afcb058f0702.webpack.hot-update.json", "JSON", 0, 0, 0, 1, 0, 0, 0, 0, 0, 0, 0, 0, 0, 0, 1
"c:\projects\r2h\r2h_project_3day_challenge\.next\static\webpack\3eea56f2a3a5065d.webpack.hot-update.json", "JSON", 0, 0, 0, 1, 0, 0, 0, 0, 0, 0, 0, 0, 0, 0, 1
"c:\projects\r2h\r2h_project_3day_challenge\.next\static\webpack\453b28e32942d385.webpack.hot-update.json", "JSON", 0, 0, 0, 1, 0, 0, 0, 0, 0, 0, 0, 0, 0, 0, 1
"c:\projects\r2h\r2h_project_3day_challenge\.next\static\webpack\471938e4ac065eb6.webpack.hot-update.json", "JSON", 0, 0, 0, 1, 0, 0, 0, 0, 0, 0, 0, 0, 0, 0, 1
"c:\projects\r2h\r2h_project_3day_challenge\.next\static\webpack\49f80a944152173d.webpack.hot-update.json", "JSON", 0, 0, 0, 1, 0, 0, 0, 0, 0, 0, 0, 0, 0, 0, 1
"c:\projects\r2h\r2h_project_3day_challenge\.next\static\webpack\4a5a58c8ba70a950.webpack.hot-update.json", "JSON", 0, 0, 0, 1, 0, 0, 0, 0, 0, 0, 0, 0, 0, 0, 1
"c:\projects\r2h\r2h_project_3day_challenge\.next\static\webpack\4aafc8f1654e1a54.webpack.hot-update.json", "JSON", 0, 0, 0, 1, 0, 0, 0, 0, 0, 0, 0, 0, 0, 0, 1
"c:\projects\r2h\r2h_project_3day_challenge\.next\static\webpack\4c20136caf4a48e4.webpack.hot-update.json", "JSON", 0, 0, 0, 1, 0, 0, 0, 0, 0, 0, 0, 0, 0, 0, 1
"c:\projects\r2h\r2h_project_3day_challenge\.next\static\webpack\502b5b0a4c14949f.webpack.hot-update.json", "JSON", 0, 0, 0, 1, 0, 0, 0, 0, 0, 0, 0, 0, 0, 0, 1
"c:\projects\r2h\r2h_project_3day_challenge\.next\static\webpack\51bc2d332248ff39.webpack.hot-update.json", "JSON", 0, 0, 0, 1, 0, 0, 0, 0, 0, 0, 0, 0, 0, 0, 1
"c:\projects\r2h\r2h_project_3day_challenge\.next\static\webpack\53d8df0d53cbcb1f.webpack.hot-update.json", "JSON", 0, 0, 0, 1, 0, 0, 0, 0, 0, 0, 0, 0, 0, 0, 1
"c:\projects\r2h\r2h_project_3day_challenge\.next\static\webpack\5b078d67ff855333.webpack.hot-update.json", "JSON", 0, 0, 0, 1, 0, 0, 0, 0, 0, 0, 0, 0, 0, 0, 1
"c:\projects\r2h\r2h_project_3day_challenge\.next\static\webpack\5b3f8176d6091a40.webpack.hot-update.json", "JSON", 0, 0, 0, 1, 0, 0, 0, 0, 0, 0, 0, 0, 0, 0, 1
"c:\projects\r2h\r2h_project_3day_challenge\.next\static\webpack\5bbaedda0a5e33e0.webpack.hot-update.json", "JSON", 0, 0, 0, 1, 0, 0, 0, 0, 0, 0, 0, 0, 0, 0, 1
"c:\projects\r2h\r2h_project_3day_challenge\.next\static\webpack\5c181bbf228281e1.webpack.hot-update.json", "JSON", 0, 0, 0, 1, 0, 0, 0, 0, 0, 0, 0, 0, 0, 0, 1
"c:\projects\r2h\r2h_project_3day_challenge\.next\static\webpack\5c448a1b669eaabc.webpack.hot-update.json", "JSON", 0, 0, 0, 1, 0, 0, 0, 0, 0, 0, 0, 0, 0, 0, 1
"c:\projects\r2h\r2h_project_3day_challenge\.next\static\webpack\5f2bd8d022fe3269.webpack.hot-update.json", "JSON", 0, 0, 0, 1, 0, 0, 0, 0, 0, 0, 0, 0, 0, 0, 1
"c:\projects\r2h\r2h_project_3day_challenge\.next\static\webpack\609d35c3dac965f6.webpack.hot-update.json", "JSON", 0, 0, 0, 1, 0, 0, 0, 0, 0, 0, 0, 0, 0, 0, 1
"c:\projects\r2h\r2h_project_3day_challenge\.next\static\webpack\631f9c653788e792.webpack.hot-update.json", "JSON", 0, 0, 0, 1, 0, 0, 0, 0, 0, 0, 0, 0, 0, 0, 1
"c:\projects\r2h\r2h_project_3day_challenge\.next\static\webpack\633457081244afec._.hot-update.json", "JSON", 0, 0, 0, 1, 0, 0, 0, 0, 0, 0, 0, 0, 0, 0, 1
"c:\projects\r2h\r2h_project_3day_challenge\.next\static\webpack\650c94641a99d413.webpack.hot-update.json", "JSON", 0, 0, 0, 1, 0, 0, 0, 0, 0, 0, 0, 0, 0, 0, 1
"c:\projects\r2h\r2h_project_3day_challenge\.next\static\webpack\657697becce122a5.webpack.hot-update.json", "JSON", 0, 0, 0, 1, 0, 0, 0, 0, 0, 0, 0, 0, 0, 0, 1
"c:\projects\r2h\r2h_project_3day_challenge\.next\static\webpack\67413e5f8dfcea60.webpack.hot-update.json", "JSON", 0, 0, 0, 1, 0, 0, 0, 0, 0, 0, 0, 0, 0, 0, 1
"c:\projects\r2h\r2h_project_3day_challenge\.next\static\webpack\6d8544b16d2aaf8b.webpack.hot-update.json", "JSON", 0, 0, 0, 1, 0, 0, 0, 0, 0, 0, 0, 0, 0, 0, 1
"c:\projects\r2h\r2h_project_3day_challenge\.next\static\webpack\6df57792b8a62f01.webpack.hot-update.json", "JSON", 0, 0, 0, 1, 0, 0, 0, 0, 0, 0, 0, 0, 0, 0, 1
"c:\projects\r2h\r2h_project_3day_challenge\.next\static\webpack\702dc299c837e34f.webpack.hot-update.json", "JSON", 0, 0, 0, 1, 0, 0, 0, 0, 0, 0, 0, 0, 0, 0, 1
"c:\projects\r2h\r2h_project_3day_challenge\.next\static\webpack\710fc21ee1aaf516.webpack.hot-update.json", "JSON", 0, 0, 0, 1, 0, 0, 0, 0, 0, 0, 0, 0, 0, 0, 1
"c:\projects\r2h\r2h_project_3day_challenge\.next\static\webpack\736b97ec54419822.webpack.hot-update.json", "JSON", 0, 0, 0, 1, 0, 0, 0, 0, 0, 0, 0, 0, 0, 0, 1
"c:\projects\r2h\r2h_project_3day_challenge\.next\static\webpack\73f257b52df4cd1c.webpack.hot-update.json", "JSON", 0, 0, 0, 1, 0, 0, 0, 0, 0, 0, 0, 0, 0, 0, 1
"c:\projects\r2h\r2h_project_3day_challenge\.next\static\webpack\787c7ffdb2c6c03f.webpack.hot-update.json", "JSON", 0, 0, 0, 1, 0, 0, 0, 0, 0, 0, 0, 0, 0, 0, 1
"c:\projects\r2h\r2h_project_3day_challenge\.next\static\webpack\7987f0198c77deca.webpack.hot-update.json", "JSON", 0, 0, 0, 1, 0, 0, 0, 0, 0, 0, 0, 0, 0, 0, 1
"c:\projects\r2h\r2h_project_3day_challenge\.next\static\webpack\7c121f53cae12707.webpack.hot-update.json", "JSON", 0, 0, 0, 1, 0, 0, 0, 0, 0, 0, 0, 0, 0, 0, 1
"c:\projects\r2h\r2h_project_3day_challenge\.next\static\webpack\7cf89a14ec4442bc.webpack.hot-update.json", "JSON", 0, 0, 0, 1, 0, 0, 0, 0, 0, 0, 0, 0, 0, 0, 1
"c:\projects\r2h\r2h_project_3day_challenge\.next\static\webpack\7e193997f20c9730.webpack.hot-update.json", "JSON", 0, 0, 0, 1, 0, 0, 0, 0, 0, 0, 0, 0, 0, 0, 1
"c:\projects\r2h\r2h_project_3day_challenge\.next\static\webpack\7f3ccff50bd9f485.webpack.hot-update.json", "JSON", 0, 0, 0, 1, 0, 0, 0, 0, 0, 0, 0, 0, 0, 0, 1
"c:\projects\r2h\r2h_project_3day_challenge\.next\static\webpack\81345b0ae60b0300.webpack.hot-update.json", "JSON", 0, 0, 0, 1, 0, 0, 0, 0, 0, 0, 0, 0, 0, 0, 1
"c:\projects\r2h\r2h_project_3day_challenge\.next\static\webpack\8183cb1e8792126e.webpack.hot-update.json", "JSON", 0, 0, 0, 1, 0, 0, 0, 0, 0, 0, 0, 0, 0, 0, 1
"c:\projects\r2h\r2h_project_3day_challenge\.next\static\webpack\83c05753a825bce8.webpack.hot-update.json", "JSON", 0, 0, 0, 1, 0, 0, 0, 0, 0, 0, 0, 0, 0, 0, 1
"c:\projects\r2h\r2h_project_3day_challenge\.next\static\webpack\8475ee450891e96d.webpack.hot-update.json", "JSON", 0, 0, 0, 1, 0, 0, 0, 0, 0, 0, 0, 0, 0, 0, 1
"c:\projects\r2h\r2h_project_3day_challenge\.next\static\webpack\87f00a8e81ae2bf2.webpack.hot-update.json", "JSON", 0, 0, 0, 1, 0, 0, 0, 0, 0, 0, 0, 0, 0, 0, 1
"c:\projects\r2h\r2h_project_3day_challenge\.next\static\webpack\888f7c77e02257f1.webpack.hot-update.json", "JSON", 0, 0, 0, 1, 0, 0, 0, 0, 0, 0, 0, 0, 0, 0, 1
"c:\projects\r2h\r2h_project_3day_challenge\.next\static\webpack\8bf4f3cc9395454d.webpack.hot-update.json", "JSON", 0, 0, 0, 1, 0, 0, 0, 0, 0, 0, 0, 0, 0, 0, 1
"c:\projects\r2h\r2h_project_3day_challenge\.next\static\webpack\8ea49f725f596afd.webpack.hot-update.json", "JSON", 0, 0, 0, 1, 0, 0, 0, 0, 0, 0, 0, 0, 0, 0, 1
"c:\projects\r2h\r2h_project_3day_challenge\.next\static\webpack\910918e58f3e26a4.webpack.hot-update.json", "JSON", 0, 0, 0, 1, 0, 0, 0, 0, 0, 0, 0, 0, 0, 0, 1
"c:\projects\r2h\r2h_project_3day_challenge\.next\static\webpack\9278697279144b03.webpack.hot-update.json", "JSON", 0, 0, 0, 1, 0, 0, 0, 0, 0, 0, 0, 0, 0, 0, 1
"c:\projects\r2h\r2h_project_3day_challenge\.next\static\webpack\9b0f21b3138a3928.webpack.hot-update.json", "JSON", 0, 0, 0, 1, 0, 0, 0, 0, 0, 0, 0, 0, 0, 0, 1
"c:\projects\r2h\r2h_project_3day_challenge\.next\static\webpack\9b5f86f468f92806.webpack.hot-update.json", "JSON", 0, 0, 0, 1, 0, 0, 0, 0, 0, 0, 0, 0, 0, 0, 1
"c:\projects\r2h\r2h_project_3day_challenge\.next\static\webpack\9bea6122d3c6b217.webpack.hot-update.json", "JSON", 0, 0, 0, 1, 0, 0, 0, 0, 0, 0, 0, 0, 0, 0, 1
"c:\projects\r2h\r2h_project_3day_challenge\.next\static\webpack\9e88e10c4962de25.webpack.hot-update.json", "JSON", 0, 0, 0, 1, 0, 0, 0, 0, 0, 0, 0, 0, 0, 0, 1
"c:\projects\r2h\r2h_project_3day_challenge\.next\static\webpack\9f2cf9eeb127120e.webpack.hot-update.json", "JSON", 0, 0, 0, 1, 0, 0, 0, 0, 0, 0, 0, 0, 0, 0, 1
"c:\projects\r2h\r2h_project_3day_challenge\.next\static\webpack\9f38b98f085503a2.webpack.hot-update.json", "JSON", 0, 0, 0, 1, 0, 0, 0, 0, 0, 0, 0, 0, 0, 0, 1
"c:\projects\r2h\r2h_project_3day_challenge\.next\static\webpack\a218eb8ac278a207.webpack.hot-update.json", "JSON", 0, 0, 0, 1, 0, 0, 0, 0, 0, 0, 0, 0, 0, 0, 1
"c:\projects\r2h\r2h_project_3day_challenge\.next\static\webpack\a5b228b70158e08a.webpack.hot-update.json", "JSON", 0, 0, 0, 1, 0, 0, 0, 0, 0, 0, 0, 0, 0, 0, 1
"c:\projects\r2h\r2h_project_3day_challenge\.next\static\webpack\a60cf4657183f1b8.webpack.hot-update.json", "JSON", 0, 0, 0, 1, 0, 0, 0, 0, 0, 0, 0, 0, 0, 0, 1
"c:\projects\r2h\r2h_project_3day_challenge\.next\static\webpack\a662a58a1fcb7bd7.webpack.hot-update.json", "JSON", 0, 0, 0, 1, 0, 0, 0, 0, 0, 0, 0, 0, 0, 0, 1
"c:\projects\r2h\r2h_project_3day_challenge\.next\static\webpack\a7bd7eb9d6bc35ed.webpack.hot-update.json", "JSON", 0, 0, 0, 1, 0, 0, 0, 0, 0, 0, 0, 0, 0, 0, 1
"c:\projects\r2h\r2h_project_3day_challenge\.next\static\webpack\a9a3e3e259b895de.webpack.hot-update.json", "JSON", 0, 0, 0, 1, 0, 0, 0, 0, 0, 0, 0, 0, 0, 0, 1
"c:\projects\r2h\r2h_project_3day_challenge\.next\static\webpack\acbc7221781e43ce.webpack.hot-update.json", "JSON", 0, 0, 0, 1, 0, 0, 0, 0, 0, 0, 0, 0, 0, 0, 1
"c:\projects\r2h\r2h_project_3day_challenge\.next\static\webpack\ad365aaef7ee08d5.webpack.hot-update.json", "JSON", 0, 0, 0, 1, 0, 0, 0, 0, 0, 0, 0, 0, 0, 0, 1
"c:\projects\r2h\r2h_project_3day_challenge\.next\static\webpack\ada4fc33800f0844.webpack.hot-update.json", "JSON", 0, 0, 0, 1, 0, 0, 0, 0, 0, 0, 0, 0, 0, 0, 1
"c:\projects\r2h\r2h_project_3day_challenge\.next\static\webpack\app\college\page.01ade2b8f6f9efae.hot-update.js", "JavaScript", 0, 0, 7, 0, 0, 0, 0, 0, 0, 0, 0, 0, 11, 4, 22
"c:\projects\r2h\r2h_project_3day_challenge\.next\static\webpack\app\college\page.043805252b7022f2.hot-update.js", "JavaScript", 0, 0, 7, 0, 0, 0, 0, 0, 0, 0, 0, 0, 11, 4, 22
"c:\projects\r2h\r2h_project_3day_challenge\.next\static\webpack\app\college\page.05e1375f44bb6842.hot-update.js", "JavaScript", 0, 0, 7, 0, 0, 0, 0, 0, 0, 0, 0, 0, 11, 4, 22
"c:\projects\r2h\r2h_project_3day_challenge\.next\static\webpack\app\college\page.06086b6a440a5639.hot-update.js", "JavaScript", 0, 0, 7, 0, 0, 0, 0, 0, 0, 0, 0, 0, 11, 4, 22
"c:\projects\r2h\r2h_project_3day_challenge\.next\static\webpack\app\college\page.070ae4a2cfe1b1bc.hot-update.js", "JavaScript", 0, 0, 7, 0, 0, 0, 0, 0, 0, 0, 0, 0, 11, 4, 22
"c:\projects\r2h\r2h_project_3day_challenge\.next\static\webpack\app\college\page.07102ca4f8a2d94f.hot-update.js", "JavaScript", 0, 0, 7, 0, 0, 0, 0, 0, 0, 0, 0, 0, 11, 4, 22
"c:\projects\r2h\r2h_project_3day_challenge\.next\static\webpack\app\college\page.08def2f14b3efef0.hot-update.js", "JavaScript", 0, 0, 7, 0, 0, 0, 0, 0, 0, 0, 0, 0, 11, 4, 22
"c:\projects\r2h\r2h_project_3day_challenge\.next\static\webpack\app\college\page.099028b324a2e314.hot-update.js", "JavaScript", 0, 0, 7, 0, 0, 0, 0, 0, 0, 0, 0, 0, 11, 4, 22
"c:\projects\r2h\r2h_project_3day_challenge\.next\static\webpack\app\college\page.0b0248b9376bc4ca.hot-update.js", "JavaScript", 0, 0, 6, 0, 0, 0, 0, 0, 0, 0, 0, 0, 11, 4, 21
"c:\projects\r2h\r2h_project_3day_challenge\.next\static\webpack\app\college\page.0c089b2e388c75cd.hot-update.js", "JavaScript", 0, 0, 7, 0, 0, 0, 0, 0, 0, 0, 0, 0, 11, 4, 22
"c:\projects\r2h\r2h_project_3day_challenge\.next\static\webpack\app\college\page.0d3c3fad161b0e95.hot-update.js", "JavaScript", 0, 0, 7, 0, 0, 0, 0, 0, 0, 0, 0, 0, 11, 4, 22
"c:\projects\r2h\r2h_project_3day_challenge\.next\static\webpack\app\college\page.10c9379971e812c9.hot-update.js", "JavaScript", 0, 0, 7, 0, 0, 0, 0, 0, 0, 0, 0, 0, 11, 4, 22
"c:\projects\r2h\r2h_project_3day_challenge\.next\static\webpack\app\college\page.119df899162404a8.hot-update.js", "JavaScript", 0, 0, 3956, 0, 0, 0, 0, 0, 0, 0, 0, 0, 2381, 2374, 8711
"c:\projects\r2h\r2h_project_3day_challenge\.next\static\webpack\app\college\page.12e6cbfb8dd5aa65.hot-update.js", "JavaScript", 0, 0, 7, 0, 0, 0, 0, 0, 0, 0, 0, 0, 11, 4, 22
"c:\projects\r2h\r2h_project_3day_challenge\.next\static\webpack\app\college\page.15a7b2355f0a62c8.hot-update.js", "JavaScript", 0, 0, 3956, 0, 0, 0, 0, 0, 0, 0, 0, 0, 2381, 2374, 8711
"c:\projects\r2h\r2h_project_3day_challenge\.next\static\webpack\app\college\page.16481098d89583ea.hot-update.js", "JavaScript", 0, 0, 7, 0, 0, 0, 0, 0, 0, 0, 0, 0, 11, 4, 22
"c:\projects\r2h\r2h_project_3day_challenge\.next\static\webpack\app\college\page.1990ee64eb0f7f7c.hot-update.js", "JavaScript", 0, 0, 7, 0, 0, 0, 0, 0, 0, 0, 0, 0, 11, 4, 22
"c:\projects\r2h\r2h_project_3day_challenge\.next\static\webpack\app\college\page.228353588adb39f7.hot-update.js", "JavaScript", 0, 0, 7, 0, 0, 0, 0, 0, 0, 0, 0, 0, 11, 4, 22
"c:\projects\r2h\r2h_project_3day_challenge\.next\static\webpack\app\college\page.253e1a4d7aad8045.hot-update.js", "JavaScript", 0, 0, 7, 0, 0, 0, 0, 0, 0, 0, 0, 0, 11, 4, 22
"c:\projects\r2h\r2h_project_3day_challenge\.next\static\webpack\app\college\page.27abc2c6650d0b2f.hot-update.js", "JavaScript", 0, 0, 11, 0, 0, 0, 0, 0, 0, 0, 0, 0, 14, 7, 32
"c:\projects\r2h\r2h_project_3day_challenge\.next\static\webpack\app\college\page.2a4b3876aa362ae5.hot-update.js", "JavaScript", 0, 0, 5, 0, 0, 0, 0, 0, 0, 0, 0, 0, 11, 5, 21
"c:\projects\r2h\r2h_project_3day_challenge\.next\static\webpack\app\college\page.3024dcd3b58930b9.hot-update.js", "JavaScript", 0, 0, 7, 0, 0, 0, 0, 0, 0, 0, 0, 0, 11, 4, 22
"c:\projects\r2h\r2h_project_3day_challenge\.next\static\webpack\app\college\page.3333ee120392b557.hot-update.js", "JavaScript", 0, 0, 7, 0, 0, 0, 0, 0, 0, 0, 0, 0, 11, 4, 22
"c:\projects\r2h\r2h_project_3day_challenge\.next\static\webpack\app\college\page.37dd01c2dfa0c191.hot-update.js", "JavaScript", 0, 0, 7, 0, 0, 0, 0, 0, 0, 0, 0, 0, 11, 4, 22
"c:\projects\r2h\r2h_project_3day_challenge\.next\static\webpack\app\college\page.3d3422f4890ea203.hot-update.js", "JavaScript", 0, 0, 7, 0, 0, 0, 0, 0, 0, 0, 0, 0, 11, 4, 22
"c:\projects\r2h\r2h_project_3day_challenge\.next\static\webpack\app\college\page.3d60afcb058f0702.hot-update.js", "JavaScript", 0, 0, 6, 0, 0, 0, 0, 0, 0, 0, 0, 0, 11, 4, 21
"c:\projects\r2h\r2h_project_3day_challenge\.next\static\webpack\app\college\page.453b28e32942d385.hot-update.js", "JavaScript", 0, 0, 7, 0, 0, 0, 0, 0, 0, 0, 0, 0, 11, 4, 22
"c:\projects\r2h\r2h_project_3day_challenge\.next\static\webpack\app\college\page.471938e4ac065eb6.hot-update.js", "JavaScript", 0, 0, 7, 0, 0, 0, 0, 0, 0, 0, 0, 0, 11, 4, 22
"c:\projects\r2h\r2h_project_3day_challenge\.next\static\webpack\app\college\page.49f80a944152173d.hot-update.js", "JavaScript", 0, 0, 5, 0, 0, 0, 0, 0, 0, 0, 0, 0, 11, 5, 21
"c:\projects\r2h\r2h_project_3day_challenge\.next\static\webpack\app\college\page.4aafc8f1654e1a54.hot-update.js", "JavaScript", 0, 0, 7, 0, 0, 0, 0, 0, 0, 0, 0, 0, 11, 4, 22
"c:\projects\r2h\r2h_project_3day_challenge\.next\static\webpack\app\college\page.4c20136caf4a48e4.hot-update.js", "JavaScript", 0, 0, 7, 0, 0, 0, 0, 0, 0, 0, 0, 0, 11, 4, 22
"c:\projects\r2h\r2h_project_3day_challenge\.next\static\webpack\app\college\page.502b5b0a4c14949f.hot-update.js", "JavaScript", 0, 0, 7, 0, 0, 0, 0, 0, 0, 0, 0, 0, 11, 4, 22
"c:\projects\r2h\r2h_project_3day_challenge\.next\static\webpack\app\college\page.51bc2d332248ff39.hot-update.js", "JavaScript", 0, 0, 7, 0, 0, 0, 0, 0, 0, 0, 0, 0, 11, 4, 22
"c:\projects\r2h\r2h_project_3day_challenge\.next\static\webpack\app\college\page.53d8df0d53cbcb1f.hot-update.js", "JavaScript", 0, 0, 7, 0, 0, 0, 0, 0, 0, 0, 0, 0, 11, 4, 22
"c:\projects\r2h\r2h_project_3day_challenge\.next\static\webpack\app\college\page.5b078d67ff855333.hot-update.js", "JavaScript", 0, 0, 7, 0, 0, 0, 0, 0, 0, 0, 0, 0, 11, 4, 22
"c:\projects\r2h\r2h_project_3day_challenge\.next\static\webpack\app\college\page.5b3f8176d6091a40.hot-update.js", "JavaScript", 0, 0, 7, 0, 0, 0, 0, 0, 0, 0, 0, 0, 11, 4, 22
"c:\projects\r2h\r2h_project_3day_challenge\.next\static\webpack\app\college\page.5bbaedda0a5e33e0.hot-update.js", "JavaScript", 0, 0, 7, 0, 0, 0, 0, 0, 0, 0, 0, 0, 11, 4, 22
"c:\projects\r2h\r2h_project_3day_challenge\.next\static\webpack\app\college\page.5c448a1b669eaabc.hot-update.js", "JavaScript", 0, 0, 7, 0, 0, 0, 0, 0, 0, 0, 0, 0, 11, 4, 22
"c:\projects\r2h\r2h_project_3day_challenge\.next\static\webpack\app\college\page.650c94641a99d413.hot-update.js", "JavaScript", 0, 0, 5, 0, 0, 0, 0, 0, 0, 0, 0, 0, 11, 5, 21
"c:\projects\r2h\r2h_project_3day_challenge\.next\static\webpack\app\college\page.657697becce122a5.hot-update.js", "JavaScript", 0, 0, 7, 0, 0, 0, 0, 0, 0, 0, 0, 0, 11, 4, 22
"c:\projects\r2h\r2h_project_3day_challenge\.next\static\webpack\app\college\page.67413e5f8dfcea60.hot-update.js", "JavaScript", 0, 0, 7, 0, 0, 0, 0, 0, 0, 0, 0, 0, 11, 4, 22
"c:\projects\r2h\r2h_project_3day_challenge\.next\static\webpack\app\college\page.6d8544b16d2aaf8b.hot-update.js", "JavaScript", 0, 0, 7, 0, 0, 0, 0, 0, 0, 0, 0, 0, 11, 4, 22
"c:\projects\r2h\r2h_project_3day_challenge\.next\static\webpack\app\college\page.702dc299c837e34f.hot-update.js", "JavaScript", 0, 0, 7, 0, 0, 0, 0, 0, 0, 0, 0, 0, 11, 4, 22
"c:\projects\r2h\r2h_project_3day_challenge\.next\static\webpack\app\college\page.710fc21ee1aaf516.hot-update.js", "JavaScript", 0, 0, 7, 0, 0, 0, 0, 0, 0, 0, 0, 0, 11, 4, 22
"c:\projects\r2h\r2h_project_3day_challenge\.next\static\webpack\app\college\page.736b97ec54419822.hot-update.js", "JavaScript", 0, 0, 7, 0, 0, 0, 0, 0, 0, 0, 0, 0, 11, 4, 22
"c:\projects\r2h\r2h_project_3day_challenge\.next\static\webpack\app\college\page.73f257b52df4cd1c.hot-update.js", "JavaScript", 0, 0, 6, 0, 0, 0, 0, 0, 0, 0, 0, 0, 11, 4, 21
"c:\projects\r2h\r2h_project_3day_challenge\.next\static\webpack\app\college\page.7987f0198c77deca.hot-update.js", "JavaScript", 0, 0, 7, 0, 0, 0, 0, 0, 0, 0, 0, 0, 11, 4, 22
"c:\projects\r2h\r2h_project_3day_challenge\.next\static\webpack\app\college\page.7c121f53cae12707.hot-update.js", "JavaScript", 0, 0, 11, 0, 0, 0, 0, 0, 0, 0, 0, 0, 14, 7, 32
"c:\projects\r2h\r2h_project_3day_challenge\.next\static\webpack\app\college\page.7cf89a14ec4442bc.hot-update.js", "JavaScript", 0, 0, 7, 0, 0, 0, 0, 0, 0, 0, 0, 0, 11, 4, 22
"c:\projects\r2h\r2h_project_3day_challenge\.next\static\webpack\app\college\page.7e193997f20c9730.hot-update.js", "JavaScript", 0, 0, 7, 0, 0, 0, 0, 0, 0, 0, 0, 0, 11, 4, 22
"c:\projects\r2h\r2h_project_3day_challenge\.next\static\webpack\app\college\page.7f3ccff50bd9f485.hot-update.js", "JavaScript", 0, 0, 5, 0, 0, 0, 0, 0, 0, 0, 0, 0, 11, 5, 21
"c:\projects\r2h\r2h_project_3day_challenge\.next\static\webpack\app\college\page.81345b0ae60b0300.hot-update.js", "JavaScript", 0, 0, 7, 0, 0, 0, 0, 0, 0, 0, 0, 0, 11, 4, 22
"c:\projects\r2h\r2h_project_3day_challenge\.next\static\webpack\app\college\page.8183cb1e8792126e.hot-update.js", "JavaScript", 0, 0, 7, 0, 0, 0, 0, 0, 0, 0, 0, 0, 11, 4, 22
"c:\projects\r2h\r2h_project_3day_challenge\.next\static\webpack\app\college\page.83c05753a825bce8.hot-update.js", "JavaScript", 0, 0, 7, 0, 0, 0, 0, 0, 0, 0, 0, 0, 11, 4, 22
"c:\projects\r2h\r2h_project_3day_challenge\.next\static\webpack\app\college\page.8475ee450891e96d.hot-update.js", "JavaScript", 0, 0, 7, 0, 0, 0, 0, 0, 0, 0, 0, 0, 11, 4, 22
"c:\projects\r2h\r2h_project_3day_challenge\.next\static\webpack\app\college\page.87f00a8e81ae2bf2.hot-update.js", "JavaScript", 0, 0, 15, 0, 0, 0, 0, 0, 0, 0, 0, 0, 17, 10, 42
"c:\projects\r2h\r2h_project_3day_challenge\.next\static\webpack\app\college\page.8bf4f3cc9395454d.hot-update.js", "JavaScript", 0, 0, 7, 0, 0, 0, 0, 0, 0, 0, 0, 0, 11, 4, 22
"c:\projects\r2h\r2h_project_3day_challenge\.next\static\webpack\app\college\page.8ea49f725f596afd.hot-update.js", "JavaScript", 0, 0, 3961, 0, 0, 0, 0, 0, 0, 0, 0, 0, 2384, 2377, 8722
"c:\projects\r2h\r2h_project_3day_challenge\.next\static\webpack\app\college\page.910918e58f3e26a4.hot-update.js", "JavaScript", 0, 0, 5, 0, 0, 0, 0, 0, 0, 0, 0, 0, 11, 5, 21
"c:\projects\r2h\r2h_project_3day_challenge\.next\static\webpack\app\college\page.9278697279144b03.hot-update.js", "JavaScript", 0, 0, 7, 0, 0, 0, 0, 0, 0, 0, 0, 0, 11, 4, 22
"c:\projects\r2h\r2h_project_3day_challenge\.next\static\webpack\app\college\page.9b0f21b3138a3928.hot-update.js", "JavaScript", 0, 0, 7, 0, 0, 0, 0, 0, 0, 0, 0, 0, 11, 4, 22
"c:\projects\r2h\r2h_project_3day_challenge\.next\static\webpack\app\college\page.9b5f86f468f92806.hot-update.js", "JavaScript", 0, 0, 6, 0, 0, 0, 0, 0, 0, 0, 0, 0, 11, 4, 21
"c:\projects\r2h\r2h_project_3day_challenge\.next\static\webpack\app\college\page.9bea6122d3c6b217.hot-update.js", "JavaScript", 0, 0, 7, 0, 0, 0, 0, 0, 0, 0, 0, 0, 11, 4, 22
"c:\projects\r2h\r2h_project_3day_challenge\.next\static\webpack\app\college\page.9e88e10c4962de25.hot-update.js", "JavaScript", 0, 0, 7, 0, 0, 0, 0, 0, 0, 0, 0, 0, 11, 4, 22
"c:\projects\r2h\r2h_project_3day_challenge\.next\static\webpack\app\college\page.9f2cf9eeb127120e.hot-update.js", "JavaScript", 0, 0, 7, 0, 0, 0, 0, 0, 0, 0, 0, 0, 11, 4, 22
"c:\projects\r2h\r2h_project_3day_challenge\.next\static\webpack\app\college\page.9f38b98f085503a2.hot-update.js", "JavaScript", 0, 0, 7, 0, 0, 0, 0, 0, 0, 0, 0, 0, 11, 4, 22
"c:\projects\r2h\r2h_project_3day_challenge\.next\static\webpack\app\college\page.a218eb8ac278a207.hot-update.js", "JavaScript", 0, 0, 7, 0, 0, 0, 0, 0, 0, 0, 0, 0, 11, 4, 22
"c:\projects\r2h\r2h_project_3day_challenge\.next\static\webpack\app\college\page.a5b228b70158e08a.hot-update.js", "JavaScript", 0, 0, 7, 0, 0, 0, 0, 0, 0, 0, 0, 0, 11, 4, 22
"c:\projects\r2h\r2h_project_3day_challenge\.next\static\webpack\app\college\page.a60cf4657183f1b8.hot-update.js", "JavaScript", 0, 0, 7, 0, 0, 0, 0, 0, 0, 0, 0, 0, 11, 4, 22
"c:\projects\r2h\r2h_project_3day_challenge\.next\static\webpack\app\college\page.a7bd7eb9d6bc35ed.hot-update.js", "JavaScript", 0, 0, 3956, 0, 0, 0, 0, 0, 0, 0, 0, 0, 2381, 2374, 8711
"c:\projects\r2h\r2h_project_3day_challenge\.next\static\webpack\app\college\page.a9a3e3e259b895de.hot-update.js", "JavaScript", 0, 0, 7, 0, 0, 0, 0, 0, 0, 0, 0, 0, 11, 4, 22
"c:\projects\r2h\r2h_project_3day_challenge\.next\static\webpack\app\college\page.acbc7221781e43ce.hot-update.js", "JavaScript", 0, 0, 7, 0, 0, 0, 0, 0, 0, 0, 0, 0, 11, 4, 22
"c:\projects\r2h\r2h_project_3day_challenge\.next\static\webpack\app\college\page.ad365aaef7ee08d5.hot-update.js", "JavaScript", 0, 0, 5, 0, 0, 0, 0, 0, 0, 0, 0, 0, 11, 5, 21
"c:\projects\r2h\r2h_project_3day_challenge\.next\static\webpack\app\college\page.ada4fc33800f0844.hot-update.js", "JavaScript", 0, 0, 7, 0, 0, 0, 0, 0, 0, 0, 0, 0, 11, 4, 22
"c:\projects\r2h\r2h_project_3day_challenge\.next\static\webpack\app\college\page.b02c8919e4360453.hot-update.js", "JavaScript", 0, 0, 3956, 0, 0, 0, 0, 0, 0, 0, 0, 0, 2381, 2374, 8711
"c:\projects\r2h\r2h_project_3day_challenge\.next\static\webpack\app\college\page.b201ce51e3bf2a7a.hot-update.js", "JavaScript", 0, 0, 7, 0, 0, 0, 0, 0, 0, 0, 0, 0, 11, 4, 22
"c:\projects\r2h\r2h_project_3day_challenge\.next\static\webpack\app\college\page.b26eab7a159cdbc5.hot-update.js", "JavaScript", 0, 0, 7, 0, 0, 0, 0, 0, 0, 0, 0, 0, 11, 4, 22
"c:\projects\r2h\r2h_project_3day_challenge\.next\static\webpack\app\college\page.b8ce44a0c57cab5d.hot-update.js", "JavaScript", 0, 0, 7, 0, 0, 0, 0, 0, 0, 0, 0, 0, 11, 4, 22
"c:\projects\r2h\r2h_project_3day_challenge\.next\static\webpack\app\college\page.b8d7de1c996a33b2.hot-update.js", "JavaScript", 0, 0, 5, 0, 0, 0, 0, 0, 0, 0, 0, 0, 11, 5, 21
"c:\projects\r2h\r2h_project_3day_challenge\.next\static\webpack\app\college\page.ba27b8fd55f664ae.hot-update.js", "JavaScript", 0, 0, 11, 0, 0, 0, 0, 0, 0, 0, 0, 0, 14, 7, 32
"c:\projects\r2h\r2h_project_3day_challenge\.next\static\webpack\app\college\page.bcbe5e991235363e.hot-update.js", "JavaScript", 0, 0, 7, 0, 0, 0, 0, 0, 0, 0, 0, 0, 11, 4, 22
"c:\projects\r2h\r2h_project_3day_challenge\.next\static\webpack\app\college\page.c29abae7dc758ee9.hot-update.js", "JavaScript", 0, 0, 7, 0, 0, 0, 0, 0, 0, 0, 0, 0, 11, 4, 22
"c:\projects\r2h\r2h_project_3day_challenge\.next\static\webpack\app\college\page.c3e3ac98973734a9.hot-update.js", "JavaScript", 0, 0, 3961, 0, 0, 0, 0, 0, 0, 0, 0, 0, 2384, 2377, 8722
"c:\projects\r2h\r2h_project_3day_challenge\.next\static\webpack\app\college\page.c475412ea952b609.hot-update.js", "JavaScript", 0, 0, 3956, 0, 0, 0, 0, 0, 0, 0, 0, 0, 2381, 2374, 8711
"c:\projects\r2h\r2h_project_3day_challenge\.next\static\webpack\app\college\page.ca1240441ae7fc3d.hot-update.js", "JavaScript", 0, 0, 7, 0, 0, 0, 0, 0, 0, 0, 0, 0, 11, 4, 22
"c:\projects\r2h\r2h_project_3day_challenge\.next\static\webpack\app\college\page.cb21b3870e30fdab.hot-update.js", "JavaScript", 0, 0, 11, 0, 0, 0, 0, 0, 0, 0, 0, 0, 14, 7, 32
"c:\projects\r2h\r2h_project_3day_challenge\.next\static\webpack\app\college\page.cc87038339a7c3f0.hot-update.js", "JavaScript", 0, 0, 7, 0, 0, 0, 0, 0, 0, 0, 0, 0, 11, 4, 22
"c:\projects\r2h\r2h_project_3day_challenge\.next\static\webpack\app\college\page.ceeb77defa58b928.hot-update.js", "JavaScript", 0, 0, 7, 0, 0, 0, 0, 0, 0, 0, 0, 0, 11, 4, 22
"c:\projects\r2h\r2h_project_3day_challenge\.next\static\webpack\app\college\page.d1dd261c6a7bfadd.hot-update.js", "JavaScript", 0, 0, 7, 0, 0, 0, 0, 0, 0, 0, 0, 0, 11, 4, 22
"c:\projects\r2h\r2h_project_3day_challenge\.next\static\webpack\app\college\page.d256dbfedfee32cb.hot-update.js", "JavaScript", 0, 0, 7, 0, 0, 0, 0, 0, 0, 0, 0, 0, 11, 4, 22
"c:\projects\r2h\r2h_project_3day_challenge\.next\static\webpack\app\college\page.d911d6af82b8ed36.hot-update.js", "JavaScript", 0, 0, 7, 0, 0, 0, 0, 0, 0, 0, 0, 0, 11, 4, 22
"c:\projects\r2h\r2h_project_3day_challenge\.next\static\webpack\app\college\page.ddc292503cba456d.hot-update.js", "JavaScript", 0, 0, 7, 0, 0, 0, 0, 0, 0, 0, 0, 0, 11, 4, 22
"c:\projects\r2h\r2h_project_3day_challenge\.next\static\webpack\app\college\page.e13c0af32829b334.hot-update.js", "JavaScript", 0, 0, 7, 0, 0, 0, 0, 0, 0, 0, 0, 0, 11, 4, 22
"c:\projects\r2h\r2h_project_3day_challenge\.next\static\webpack\app\college\page.e26e905b6bcae92a.hot-update.js", "JavaScript", 0, 0, 7, 0, 0, 0, 0, 0, 0, 0, 0, 0, 11, 4, 22
"c:\projects\r2h\r2h_project_3day_challenge\.next\static\webpack\app\college\page.e32052124f02f065.hot-update.js", "JavaScript", 0, 0, 7, 0, 0, 0, 0, 0, 0, 0, 0, 0, 11, 4, 22
"c:\projects\r2h\r2h_project_3day_challenge\.next\static\webpack\app\college\page.e3b8de3a37a7f07f.hot-update.js", "JavaScript", 0, 0, 7, 0, 0, 0, 0, 0, 0, 0, 0, 0, 11, 4, 22
"c:\projects\r2h\r2h_project_3day_challenge\.next\static\webpack\app\college\page.e405712e112475a6.hot-update.js", "JavaScript", 0, 0, 7, 0, 0, 0, 0, 0, 0, 0, 0, 0, 11, 4, 22
"c:\projects\r2h\r2h_project_3day_challenge\.next\static\webpack\app\college\page.e4221cb5ddc2f2e9.hot-update.js", "JavaScript", 0, 0, 7, 0, 0, 0, 0, 0, 0, 0, 0, 0, 11, 4, 22
"c:\projects\r2h\r2h_project_3day_challenge\.next\static\webpack\app\college\page.e45b4410e1808ab6.hot-update.js", "JavaScript", 0, 0, 7, 0, 0, 0, 0, 0, 0, 0, 0, 0, 11, 4, 22
"c:\projects\r2h\r2h_project_3day_challenge\.next\static\webpack\app\college\page.e751c5f708db026c.hot-update.js", "JavaScript", 0, 0, 3956, 0, 0, 0, 0, 0, 0, 0, 0, 0, 2381, 2374, 8711
"c:\projects\r2h\r2h_project_3day_challenge\.next\static\webpack\app\college\page.e87a844dd3671530.hot-update.js", "JavaScript", 0, 0, 7, 0, 0, 0, 0, 0, 0, 0, 0, 0, 11, 4, 22
"c:\projects\r2h\r2h_project_3day_challenge\.next\static\webpack\app\college\page.eb96e4d33b889300.hot-update.js", "JavaScript", 0, 0, 7, 0, 0, 0, 0, 0, 0, 0, 0, 0, 11, 4, 22
"c:\projects\r2h\r2h_project_3day_challenge\.next\static\webpack\app\college\page.f0adc6fbf84a4f31.hot-update.js", "JavaScript", 0, 0, 7, 0, 0, 0, 0, 0, 0, 0, 0, 0, 11, 4, 22
"c:\projects\r2h\r2h_project_3day_challenge\.next\static\webpack\app\college\page.f24e204b7b82ac96.hot-update.js", "JavaScript", 0, 0, 7, 0, 0, 0, 0, 0, 0, 0, 0, 0, 11, 4, 22
"c:\projects\r2h\r2h_project_3day_challenge\.next\static\webpack\app\college\page.f2cce3ee5d85e7c1.hot-update.js", "JavaScript", 0, 0, 7, 0, 0, 0, 0, 0, 0, 0, 0, 0, 11, 4, 22
"c:\projects\r2h\r2h_project_3day_challenge\.next\static\webpack\app\college\page.f2d8c096d459d30b.hot-update.js", "JavaScript", 0, 0, 7, 0, 0, 0, 0, 0, 0, 0, 0, 0, 11, 4, 22
"c:\projects\r2h\r2h_project_3day_challenge\.next\static\webpack\app\college\page.f3fc3ebe1675aeeb.hot-update.js", "JavaScript", 0, 0, 7, 0, 0, 0, 0, 0, 0, 0, 0, 0, 11, 4, 22
"c:\projects\r2h\r2h_project_3day_challenge\.next\static\webpack\app\college\page.f7ea7a58ae03b830.hot-update.js", "JavaScript", 0, 0, 5, 0, 0, 0, 0, 0, 0, 0, 0, 0, 11, 5, 21
"c:\projects\r2h\r2h_project_3day_challenge\.next\static\webpack\app\college\page.fc7d991b72c69db3.hot-update.js", "JavaScript", 0, 0, 7, 0, 0, 0, 0, 0, 0, 0, 0, 0, 11, 4, 22
"c:\projects\r2h\r2h_project_3day_challenge\.next\static\webpack\app\college\page.fe5c077e4896ef4a.hot-update.js", "JavaScript", 0, 0, 7, 0, 0, 0, 0, 0, 0, 0, 0, 0, 11, 4, 22
"c:\projects\r2h\r2h_project_3day_challenge\.next\static\webpack\app\layout.609d35c3dac965f6.hot-update.js", "JavaScript", 0, 0, 6, 0, 0, 0, 0, 0, 0, 0, 0, 0, 11, 4, 21
"c:\projects\r2h\r2h_project_3day_challenge\.next\static\webpack\app\r2h\page.17965bb587e2a91f.hot-update.js", "JavaScript", 0, 0, 7, 0, 0, 0, 0, 0, 0, 0, 0, 0, 11, 4, 22
"c:\projects\r2h\r2h_project_3day_challenge\.next\static\webpack\app\r2h\page.1f8c34d05b5e05ef.hot-update.js", "JavaScript", 0, 0, 7, 0, 0, 0, 0, 0, 0, 0, 0, 0, 11, 4, 22
"c:\projects\r2h\r2h_project_3day_challenge\.next\static\webpack\app\r2h\page.3eea56f2a3a5065d.hot-update.js", "JavaScript", 0, 0, 7, 0, 0, 0, 0, 0, 0, 0, 0, 0, 11, 4, 22
"c:\projects\r2h\r2h_project_3day_challenge\.next\static\webpack\app\r2h\page.5c181bbf228281e1.hot-update.js", "JavaScript", 0, 0, 7, 0, 0, 0, 0, 0, 0, 0, 0, 0, 11, 4, 22
"c:\projects\r2h\r2h_project_3day_challenge\.next\static\webpack\app\r2h\page.6df57792b8a62f01.hot-update.js", "JavaScript", 0, 0, 15, 0, 0, 0, 0, 0, 0, 0, 0, 0, 17, 10, 42
"c:\projects\r2h\r2h_project_3day_challenge\.next\static\webpack\app\r2h\page.787c7ffdb2c6c03f.hot-update.js", "JavaScript", 0, 0, 7, 0, 0, 0, 0, 0, 0, 0, 0, 0, 11, 4, 22
"c:\projects\r2h\r2h_project_3day_challenge\.next\static\webpack\app\r2h\page.a662a58a1fcb7bd7.hot-update.js", "JavaScript", 0, 0, 7, 0, 0, 0, 0, 0, 0, 0, 0, 0, 11, 4, 22
"c:\projects\r2h\r2h_project_3day_challenge\.next\static\webpack\app\r2h\page.b5a1122943ac3a20.hot-update.js", "JavaScript", 0, 0, 7, 0, 0, 0, 0, 0, 0, 0, 0, 0, 11, 4, 22
"c:\projects\r2h\r2h_project_3day_challenge\.next\static\webpack\app\r2h\page.c20d15d6683aadd7.hot-update.js", "JavaScript", 0, 0, 7, 0, 0, 0, 0, 0, 0, 0, 0, 0, 11, 4, 22
"c:\projects\r2h\r2h_project_3day_challenge\.next\static\webpack\app\r2h\page.d89ba72145e6f76a.hot-update.js", "JavaScript", 0, 0, 7, 0, 0, 0, 0, 0, 0, 0, 0, 0, 11, 4, 22
"c:\projects\r2h\r2h_project_3day_challenge\.next\static\webpack\app\r2h\page.dea2c62c45770f55.hot-update.js", "JavaScript", 0, 0, 7, 0, 0, 0, 0, 0, 0, 0, 0, 0, 11, 4, 22
"c:\projects\r2h\r2h_project_3day_challenge\.next\static\webpack\app\r2h\page.ecfc8f8c3d61f749.hot-update.js", "JavaScript", 0, 0, 7, 0, 0, 0, 0, 0, 0, 0, 0, 0, 11, 4, 22
"c:\projects\r2h\r2h_project_3day_challenge\.next\static\webpack\app\r2h\page.feb9636e6a933d4d.hot-update.js", "JavaScript", 0, 0, 7, 0, 0, 0, 0, 0, 0, 0, 0, 0, 11, 4, 22
"c:\projects\r2h\r2h_project_3day_challenge\.next\static\webpack\b02c8919e4360453.webpack.hot-update.json", "JSON", 0, 0, 0, 1, 0, 0, 0, 0, 0, 0, 0, 0, 0, 0, 1
"c:\projects\r2h\r2h_project_3day_challenge\.next\static\webpack\b201ce51e3bf2a7a.webpack.hot-update.json", "JSON", 0, 0, 0, 1, 0, 0, 0, 0, 0, 0, 0, 0, 0, 0, 1
"c:\projects\r2h\r2h_project_3day_challenge\.next\static\webpack\b26eab7a159cdbc5.webpack.hot-update.json", "JSON", 0, 0, 0, 1, 0, 0, 0, 0, 0, 0, 0, 0, 0, 0, 1
"c:\projects\r2h\r2h_project_3day_challenge\.next\static\webpack\b5a1122943ac3a20.webpack.hot-update.json", "JSON", 0, 0, 0, 1, 0, 0, 0, 0, 0, 0, 0, 0, 0, 0, 1
"c:\projects\r2h\r2h_project_3day_challenge\.next\static\webpack\b8ce44a0c57cab5d.webpack.hot-update.json", "JSON", 0, 0, 0, 1, 0, 0, 0, 0, 0, 0, 0, 0, 0, 0, 1
"c:\projects\r2h\r2h_project_3day_challenge\.next\static\webpack\b8d7de1c996a33b2.webpack.hot-update.json", "JSON", 0, 0, 0, 1, 0, 0, 0, 0, 0, 0, 0, 0, 0, 0, 1
"c:\projects\r2h\r2h_project_3day_challenge\.next\static\webpack\ba27b8fd55f664ae.webpack.hot-update.json", "JSON", 0, 0, 0, 1, 0, 0, 0, 0, 0, 0, 0, 0, 0, 0, 1
"c:\projects\r2h\r2h_project_3day_challenge\.next\static\webpack\bcbe5e991235363e.webpack.hot-update.json", "JSON", 0, 0, 0, 1, 0, 0, 0, 0, 0, 0, 0, 0, 0, 0, 1
"c:\projects\r2h\r2h_project_3day_challenge\.next\static\webpack\c20d15d6683aadd7.webpack.hot-update.json", "JSON", 0, 0, 0, 1, 0, 0, 0, 0, 0, 0, 0, 0, 0, 0, 1
"c:\projects\r2h\r2h_project_3day_challenge\.next\static\webpack\c29abae7dc758ee9.webpack.hot-update.json", "JSON", 0, 0, 0, 1, 0, 0, 0, 0, 0, 0, 0, 0, 0, 0, 1
"c:\projects\r2h\r2h_project_3day_challenge\.next\static\webpack\c3e3ac98973734a9.webpack.hot-update.json", "JSON", 0, 0, 0, 1, 0, 0, 0, 0, 0, 0, 0, 0, 0, 0, 1
"c:\projects\r2h\r2h_project_3day_challenge\.next\static\webpack\c475412ea952b609.webpack.hot-update.json", "JSON", 0, 0, 0, 1, 0, 0, 0, 0, 0, 0, 0, 0, 0, 0, 1
"c:\projects\r2h\r2h_project_3day_challenge\.next\static\webpack\c8c4173bdfadb499.webpack.hot-update.json", "JSON", 0, 0, 0, 1, 0, 0, 0, 0, 0, 0, 0, 0, 0, 0, 1
"c:\projects\r2h\r2h_project_3day_challenge\.next\static\webpack\ca1240441ae7fc3d.webpack.hot-update.json", "JSON", 0, 0, 0, 1, 0, 0, 0, 0, 0, 0, 0, 0, 0, 0, 1
"c:\projects\r2h\r2h_project_3day_challenge\.next\static\webpack\cb21b3870e30fdab.webpack.hot-update.json", "JSON", 0, 0, 0, 1, 0, 0, 0, 0, 0, 0, 0, 0, 0, 0, 1
"c:\projects\r2h\r2h_project_3day_challenge\.next\static\webpack\cc87038339a7c3f0.webpack.hot-update.json", "JSON", 0, 0, 0, 1, 0, 0, 0, 0, 0, 0, 0, 0, 0, 0, 1
"c:\projects\r2h\r2h_project_3day_challenge\.next\static\webpack\ceeb77defa58b928.webpack.hot-update.json", "JSON", 0, 0, 0, 1, 0, 0, 0, 0, 0, 0, 0, 0, 0, 0, 1
"c:\projects\r2h\r2h_project_3day_challenge\.next\static\webpack\d1dd261c6a7bfadd.webpack.hot-update.json", "JSON", 0, 0, 0, 1, 0, 0, 0, 0, 0, 0, 0, 0, 0, 0, 1
"c:\projects\r2h\r2h_project_3day_challenge\.next\static\webpack\d256dbfedfee32cb.webpack.hot-update.json", "JSON", 0, 0, 0, 1, 0, 0, 0, 0, 0, 0, 0, 0, 0, 0, 1
"c:\projects\r2h\r2h_project_3day_challenge\.next\static\webpack\d89ba72145e6f76a.webpack.hot-update.json", "JSON", 0, 0, 0, 1, 0, 0, 0, 0, 0, 0, 0, 0, 0, 0, 1
"c:\projects\r2h\r2h_project_3day_challenge\.next\static\webpack\d911d6af82b8ed36.webpack.hot-update.json", "JSON", 0, 0, 0, 1, 0, 0, 0, 0, 0, 0, 0, 0, 0, 0, 1
"c:\projects\r2h\r2h_project_3day_challenge\.next\static\webpack\ddc292503cba456d.webpack.hot-update.json", "JSON", 0, 0, 0, 1, 0, 0, 0, 0, 0, 0, 0, 0, 0, 0, 1
"c:\projects\r2h\r2h_project_3day_challenge\.next\static\webpack\dea2c62c45770f55.webpack.hot-update.json", "JSON", 0, 0, 0, 1, 0, 0, 0, 0, 0, 0, 0, 0, 0, 0, 1
"c:\projects\r2h\r2h_project_3day_challenge\.next\static\webpack\e13c0af32829b334.webpack.hot-update.json", "JSON", 0, 0, 0, 1, 0, 0, 0, 0, 0, 0, 0, 0, 0, 0, 1
"c:\projects\r2h\r2h_project_3day_challenge\.next\static\webpack\e26e905b6bcae92a.webpack.hot-update.json", "JSON", 0, 0, 0, 1, 0, 0, 0, 0, 0, 0, 0, 0, 0, 0, 1
"c:\projects\r2h\r2h_project_3day_challenge\.next\static\webpack\e32052124f02f065.webpack.hot-update.json", "JSON", 0, 0, 0, 1, 0, 0, 0, 0, 0, 0, 0, 0, 0, 0, 1
"c:\projects\r2h\r2h_project_3day_challenge\.next\static\webpack\e3b8de3a37a7f07f.webpack.hot-update.json", "JSON", 0, 0, 0, 1, 0, 0, 0, 0, 0, 0, 0, 0, 0, 0, 1
"c:\projects\r2h\r2h_project_3day_challenge\.next\static\webpack\e405712e112475a6.webpack.hot-update.json", "JSON", 0, 0, 0, 1, 0, 0, 0, 0, 0, 0, 0, 0, 0, 0, 1
"c:\projects\r2h\r2h_project_3day_challenge\.next\static\webpack\e4221cb5ddc2f2e9.webpack.hot-update.json", "JSON", 0, 0, 0, 1, 0, 0, 0, 0, 0, 0, 0, 0, 0, 0, 1
"c:\projects\r2h\r2h_project_3day_challenge\.next\static\webpack\e45b4410e1808ab6.webpack.hot-update.json", "JSON", 0, 0, 0, 1, 0, 0, 0, 0, 0, 0, 0, 0, 0, 0, 1
"c:\projects\r2h\r2h_project_3day_challenge\.next\static\webpack\e751c5f708db026c.webpack.hot-update.json", "JSON", 0, 0, 0, 1, 0, 0, 0, 0, 0, 0, 0, 0, 0, 0, 1
"c:\projects\r2h\r2h_project_3day_challenge\.next\static\webpack\e810dde39f44bf44.webpack.hot-update.json", "JSON", 0, 0, 0, 1, 0, 0, 0, 0, 0, 0, 0, 0, 0, 0, 1
"c:\projects\r2h\r2h_project_3day_challenge\.next\static\webpack\e87a844dd3671530.webpack.hot-update.json", "JSON", 0, 0, 0, 1, 0, 0, 0, 0, 0, 0, 0, 0, 0, 0, 1
"c:\projects\r2h\r2h_project_3day_challenge\.next\static\webpack\eb96e4d33b889300.webpack.hot-update.json", "JSON", 0, 0, 0, 1, 0, 0, 0, 0, 0, 0, 0, 0, 0, 0, 1
"c:\projects\r2h\r2h_project_3day_challenge\.next\static\webpack\ecfc8f8c3d61f749.webpack.hot-update.json", "JSON", 0, 0, 0, 1, 0, 0, 0, 0, 0, 0, 0, 0, 0, 0, 1
"c:\projects\r2h\r2h_project_3day_challenge\.next\static\webpack\f0adc6fbf84a4f31.webpack.hot-update.json", "JSON", 0, 0, 0, 1, 0, 0, 0, 0, 0, 0, 0, 0, 0, 0, 1
"c:\projects\r2h\r2h_project_3day_challenge\.next\static\webpack\f24e204b7b82ac96.webpack.hot-update.json", "JSON", 0, 0, 0, 1, 0, 0, 0, 0, 0, 0, 0, 0, 0, 0, 1
"c:\projects\r2h\r2h_project_3day_challenge\.next\static\webpack\f2cce3ee5d85e7c1.webpack.hot-update.json", "JSON", 0, 0, 0, 1, 0, 0, 0, 0, 0, 0, 0, 0, 0, 0, 1
"c:\projects\r2h\r2h_project_3day_challenge\.next\static\webpack\f2d8c096d459d30b.webpack.hot-update.json", "JSON", 0, 0, 0, 1, 0, 0, 0, 0, 0, 0, 0, 0, 0, 0, 1
"c:\projects\r2h\r2h_project_3day_challenge\.next\static\webpack\f3fc3ebe1675aeeb.webpack.hot-update.json", "JSON", 0, 0, 0, 1, 0, 0, 0, 0, 0, 0, 0, 0, 0, 0, 1
"c:\projects\r2h\r2h_project_3day_challenge\.next\static\webpack\f4b631aa65a06fb8.webpack.hot-update.json", "JSON", 0, 0, 0, 1, 0, 0, 0, 0, 0, 0, 0, 0, 0, 0, 1
"c:\projects\r2h\r2h_project_3day_challenge\.next\static\webpack\f7ea7a58ae03b830.webpack.hot-update.json", "JSON", 0, 0, 0, 1, 0, 0, 0, 0, 0, 0, 0, 0, 0, 0, 1
"c:\projects\r2h\r2h_project_3day_challenge\.next\static\webpack\fc7d991b72c69db3.webpack.hot-update.json", "JSON", 0, 0, 0, 1, 0, 0, 0, 0, 0, 0, 0, 0, 0, 0, 1
"c:\projects\r2h\r2h_project_3day_challenge\.next\static\webpack\fe5c077e4896ef4a.webpack.hot-update.json", "JSON", 0, 0, 0, 1, 0, 0, 0, 0, 0, 0, 0, 0, 0, 0, 1
"c:\projects\r2h\r2h_project_3day_challenge\.next\static\webpack\feb9636e6a933d4d.webpack.hot-update.json", "JSON", 0, 0, 0, 1, 0, 0, 0, 0, 0, 0, 0, 0, 0, 0, 1
"c:\projects\r2h\r2h_project_3day_challenge\.next\static\webpack\webpack.01ade2b8f6f9efae.hot-update.js", "JavaScript", 0, 0, 9, 0, 0, 0, 0, 0, 0, 0, 0, 0, 9, 0, 18
"c:\projects\r2h\r2h_project_3day_challenge\.next\static\webpack\webpack.043805252b7022f2.hot-update.js", "JavaScript", 0, 0, 9, 0, 0, 0, 0, 0, 0, 0, 0, 0, 9, 0, 18
"c:\projects\r2h\r2h_project_3day_challenge\.next\static\webpack\webpack.05e1375f44bb6842.hot-update.js", "JavaScript", 0, 0, 9, 0, 0, 0, 0, 0, 0, 0, 0, 0, 9, 0, 18
"c:\projects\r2h\r2h_project_3day_challenge\.next\static\webpack\webpack.06086b6a440a5639.hot-update.js", "JavaScript", 0, 0, 9, 0, 0, 0, 0, 0, 0, 0, 0, 0, 9, 0, 18
"c:\projects\r2h\r2h_project_3day_challenge\.next\static\webpack\webpack.070ae4a2cfe1b1bc.hot-update.js", "JavaScript", 0, 0, 9, 0, 0, 0, 0, 0, 0, 0, 0, 0, 9, 0, 18
"c:\projects\r2h\r2h_project_3day_challenge\.next\static\webpack\webpack.07102ca4f8a2d94f.hot-update.js", "JavaScript", 0, 0, 9, 0, 0, 0, 0, 0, 0, 0, 0, 0, 9, 0, 18
"c:\projects\r2h\r2h_project_3day_challenge\.next\static\webpack\webpack.08def2f14b3efef0.hot-update.js", "JavaScript", 0, 0, 9, 0, 0, 0, 0, 0, 0, 0, 0, 0, 9, 0, 18
"c:\projects\r2h\r2h_project_3day_challenge\.next\static\webpack\webpack.099028b324a2e314.hot-update.js", "JavaScript", 0, 0, 9, 0, 0, 0, 0, 0, 0, 0, 0, 0, 9, 0, 18
"c:\projects\r2h\r2h_project_3day_challenge\.next\static\webpack\webpack.0b0248b9376bc4ca.hot-update.js", "JavaScript", 0, 0, 9, 0, 0, 0, 0, 0, 0, 0, 0, 0, 9, 0, 18
"c:\projects\r2h\r2h_project_3day_challenge\.next\static\webpack\webpack.0c089b2e388c75cd.hot-update.js", "JavaScript", 0, 0, 9, 0, 0, 0, 0, 0, 0, 0, 0, 0, 9, 0, 18
"c:\projects\r2h\r2h_project_3day_challenge\.next\static\webpack\webpack.0d3c3fad161b0e95.hot-update.js", "JavaScript", 0, 0, 9, 0, 0, 0, 0, 0, 0, 0, 0, 0, 9, 0, 18
"c:\projects\r2h\r2h_project_3day_challenge\.next\static\webpack\webpack.10c9379971e812c9.hot-update.js", "JavaScript", 0, 0, 9, 0, 0, 0, 0, 0, 0, 0, 0, 0, 9, 0, 18
"c:\projects\r2h\r2h_project_3day_challenge\.next\static\webpack\webpack.119df899162404a8.hot-update.js", "JavaScript", 0, 0, 9, 0, 0, 0, 0, 0, 0, 0, 0, 0, 9, 0, 18
"c:\projects\r2h\r2h_project_3day_challenge\.next\static\webpack\webpack.12e6cbfb8dd5aa65.hot-update.js", "JavaScript", 0, 0, 9, 0, 0, 0, 0, 0, 0, 0, 0, 0, 9, 0, 18
"c:\projects\r2h\r2h_project_3day_challenge\.next\static\webpack\webpack.15a7b2355f0a62c8.hot-update.js", "JavaScript", 0, 0, 9, 0, 0, 0, 0, 0, 0, 0, 0, 0, 9, 0, 18
"c:\projects\r2h\r2h_project_3day_challenge\.next\static\webpack\webpack.16481098d89583ea.hot-update.js", "JavaScript", 0, 0, 9, 0, 0, 0, 0, 0, 0, 0, 0, 0, 9, 0, 18
"c:\projects\r2h\r2h_project_3day_challenge\.next\static\webpack\webpack.17965bb587e2a91f.hot-update.js", "JavaScript", 0, 0, 9, 0, 0, 0, 0, 0, 0, 0, 0, 0, 9, 0, 18
"c:\projects\r2h\r2h_project_3day_challenge\.next\static\webpack\webpack.1990ee64eb0f7f7c.hot-update.js", "JavaScript", 0, 0, 9, 0, 0, 0, 0, 0, 0, 0, 0, 0, 9, 0, 18
"c:\projects\r2h\r2h_project_3day_challenge\.next\static\webpack\webpack.1f8c34d05b5e05ef.hot-update.js", "JavaScript", 0, 0, 9, 0, 0, 0, 0, 0, 0, 0, 0, 0, 9, 0, 18
"c:\projects\r2h\r2h_project_3day_challenge\.next\static\webpack\webpack.228353588adb39f7.hot-update.js", "JavaScript", 0, 0, 9, 0, 0, 0, 0, 0, 0, 0, 0, 0, 9, 0, 18
"c:\projects\r2h\r2h_project_3day_challenge\.next\static\webpack\webpack.253e1a4d7aad8045.hot-update.js", "JavaScript", 0, 0, 9, 0, 0, 0, 0, 0, 0, 0, 0, 0, 9, 0, 18
"c:\projects\r2h\r2h_project_3day_challenge\.next\static\webpack\webpack.27abc2c6650d0b2f.hot-update.js", "JavaScript", 0, 0, 9, 0, 0, 0, 0, 0, 0, 0, 0, 0, 9, 0, 18
"c:\projects\r2h\r2h_project_3day_challenge\.next\static\webpack\webpack.2a4b3876aa362ae5.hot-update.js", "JavaScript", 0, 0, 9, 0, 0, 0, 0, 0, 0, 0, 0, 0, 9, 0, 18
"c:\projects\r2h\r2h_project_3day_challenge\.next\static\webpack\webpack.3024dcd3b58930b9.hot-update.js", "JavaScript", 0, 0, 9, 0, 0, 0, 0, 0, 0, 0, 0, 0, 9, 0, 18
"c:\projects\r2h\r2h_project_3day_challenge\.next\static\webpack\webpack.3333ee120392b557.hot-update.js", "JavaScript", 0, 0, 9, 0, 0, 0, 0, 0, 0, 0, 0, 0, 9, 0, 18
"c:\projects\r2h\r2h_project_3day_challenge\.next\static\webpack\webpack.37dd01c2dfa0c191.hot-update.js", "JavaScript", 0, 0, 9, 0, 0, 0, 0, 0, 0, 0, 0, 0, 9, 0, 18
"c:\projects\r2h\r2h_project_3day_challenge\.next\static\webpack\webpack.3d3422f4890ea203.hot-update.js", "JavaScript", 0, 0, 9, 0, 0, 0, 0, 0, 0, 0, 0, 0, 9, 0, 18
"c:\projects\r2h\r2h_project_3day_challenge\.next\static\webpack\webpack.3d60afcb058f0702.hot-update.js", "JavaScript", 0, 0, 9, 0, 0, 0, 0, 0, 0, 0, 0, 0, 9, 0, 18
"c:\projects\r2h\r2h_project_3day_challenge\.next\static\webpack\webpack.3eea56f2a3a5065d.hot-update.js", "JavaScript", 0, 0, 9, 0, 0, 0, 0, 0, 0, 0, 0, 0, 9, 0, 18
"c:\projects\r2h\r2h_project_3day_challenge\.next\static\webpack\webpack.453b28e32942d385.hot-update.js", "JavaScript", 0, 0, 9, 0, 0, 0, 0, 0, 0, 0, 0, 0, 9, 0, 18
"c:\projects\r2h\r2h_project_3day_challenge\.next\static\webpack\webpack.471938e4ac065eb6.hot-update.js", "JavaScript", 0, 0, 9, 0, 0, 0, 0, 0, 0, 0, 0, 0, 9, 0, 18
"c:\projects\r2h\r2h_project_3day_challenge\.next\static\webpack\webpack.49f80a944152173d.hot-update.js", "JavaScript", 0, 0, 9, 0, 0, 0, 0, 0, 0, 0, 0, 0, 9, 0, 18
"c:\projects\r2h\r2h_project_3day_challenge\.next\static\webpack\webpack.4a5a58c8ba70a950.hot-update.js", "JavaScript", 0, 0, 9, 0, 0, 0, 0, 0, 0, 0, 0, 0, 9, 0, 18
"c:\projects\r2h\r2h_project_3day_challenge\.next\static\webpack\webpack.4aafc8f1654e1a54.hot-update.js", "JavaScript", 0, 0, 9, 0, 0, 0, 0, 0, 0, 0, 0, 0, 9, 0, 18
"c:\projects\r2h\r2h_project_3day_challenge\.next\static\webpack\webpack.4c20136caf4a48e4.hot-update.js", "JavaScript", 0, 0, 9, 0, 0, 0, 0, 0, 0, 0, 0, 0, 9, 0, 18
"c:\projects\r2h\r2h_project_3day_challenge\.next\static\webpack\webpack.502b5b0a4c14949f.hot-update.js", "JavaScript", 0, 0, 9, 0, 0, 0, 0, 0, 0, 0, 0, 0, 9, 0, 18
"c:\projects\r2h\r2h_project_3day_challenge\.next\static\webpack\webpack.51bc2d332248ff39.hot-update.js", "JavaScript", 0, 0, 9, 0, 0, 0, 0, 0, 0, 0, 0, 0, 9, 0, 18
"c:\projects\r2h\r2h_project_3day_challenge\.next\static\webpack\webpack.53d8df0d53cbcb1f.hot-update.js", "JavaScript", 0, 0, 9, 0, 0, 0, 0, 0, 0, 0, 0, 0, 9, 0, 18
"c:\projects\r2h\r2h_project_3day_challenge\.next\static\webpack\webpack.5b078d67ff855333.hot-update.js", "JavaScript", 0, 0, 9, 0, 0, 0, 0, 0, 0, 0, 0, 0, 9, 0, 18
"c:\projects\r2h\r2h_project_3day_challenge\.next\static\webpack\webpack.5b3f8176d6091a40.hot-update.js", "JavaScript", 0, 0, 9, 0, 0, 0, 0, 0, 0, 0, 0, 0, 9, 0, 18
"c:\projects\r2h\r2h_project_3day_challenge\.next\static\webpack\webpack.5bbaedda0a5e33e0.hot-update.js", "JavaScript", 0, 0, 9, 0, 0, 0, 0, 0, 0, 0, 0, 0, 9, 0, 18
"c:\projects\r2h\r2h_project_3day_challenge\.next\static\webpack\webpack.5c181bbf228281e1.hot-update.js", "JavaScript", 0, 0, 9, 0, 0, 0, 0, 0, 0, 0, 0, 0, 9, 0, 18
"c:\projects\r2h\r2h_project_3day_challenge\.next\static\webpack\webpack.5c448a1b669eaabc.hot-update.js", "JavaScript", 0, 0, 9, 0, 0, 0, 0, 0, 0, 0, 0, 0, 9, 0, 18
"c:\projects\r2h\r2h_project_3day_challenge\.next\static\webpack\webpack.5f2bd8d022fe3269.hot-update.js", "JavaScript", 0, 0, 9, 0, 0, 0, 0, 0, 0, 0, 0, 0, 9, 0, 18
"c:\projects\r2h\r2h_project_3day_challenge\.next\static\webpack\webpack.609d35c3dac965f6.hot-update.js", "JavaScript", 0, 0, 9, 0, 0, 0, 0, 0, 0, 0, 0, 0, 9, 0, 18
"c:\projects\r2h\r2h_project_3day_challenge\.next\static\webpack\webpack.631f9c653788e792.hot-update.js", "JavaScript", 0, 0, 9, 0, 0, 0, 0, 0, 0, 0, 0, 0, 9, 0, 18
"c:\projects\r2h\r2h_project_3day_challenge\.next\static\webpack\webpack.650c94641a99d413.hot-update.js", "JavaScript", 0, 0, 9, 0, 0, 0, 0, 0, 0, 0, 0, 0, 9, 0, 18
"c:\projects\r2h\r2h_project_3day_challenge\.next\static\webpack\webpack.657697becce122a5.hot-update.js", "JavaScript", 0, 0, 9, 0, 0, 0, 0, 0, 0, 0, 0, 0, 9, 0, 18
"c:\projects\r2h\r2h_project_3day_challenge\.next\static\webpack\webpack.67413e5f8dfcea60.hot-update.js", "JavaScript", 0, 0, 9, 0, 0, 0, 0, 0, 0, 0, 0, 0, 9, 0, 18
"c:\projects\r2h\r2h_project_3day_challenge\.next\static\webpack\webpack.6d8544b16d2aaf8b.hot-update.js", "JavaScript", 0, 0, 9, 0, 0, 0, 0, 0, 0, 0, 0, 0, 9, 0, 18
"c:\projects\r2h\r2h_project_3day_challenge\.next\static\webpack\webpack.6df57792b8a62f01.hot-update.js", "JavaScript", 0, 0, 9, 0, 0, 0, 0, 0, 0, 0, 0, 0, 9, 0, 18
"c:\projects\r2h\r2h_project_3day_challenge\.next\static\webpack\webpack.702dc299c837e34f.hot-update.js", "JavaScript", 0, 0, 9, 0, 0, 0, 0, 0, 0, 0, 0, 0, 9, 0, 18
"c:\projects\r2h\r2h_project_3day_challenge\.next\static\webpack\webpack.710fc21ee1aaf516.hot-update.js", "JavaScript", 0, 0, 9, 0, 0, 0, 0, 0, 0, 0, 0, 0, 9, 0, 18
"c:\projects\r2h\r2h_project_3day_challenge\.next\static\webpack\webpack.736b97ec54419822.hot-update.js", "JavaScript", 0, 0, 9, 0, 0, 0, 0, 0, 0, 0, 0, 0, 9, 0, 18
"c:\projects\r2h\r2h_project_3day_challenge\.next\static\webpack\webpack.73f257b52df4cd1c.hot-update.js", "JavaScript", 0, 0, 9, 0, 0, 0, 0, 0, 0, 0, 0, 0, 9, 0, 18
"c:\projects\r2h\r2h_project_3day_challenge\.next\static\webpack\webpack.787c7ffdb2c6c03f.hot-update.js", "JavaScript", 0, 0, 9, 0, 0, 0, 0, 0, 0, 0, 0, 0, 9, 0, 18
"c:\projects\r2h\r2h_project_3day_challenge\.next\static\webpack\webpack.7987f0198c77deca.hot-update.js", "JavaScript", 0, 0, 9, 0, 0, 0, 0, 0, 0, 0, 0, 0, 9, 0, 18
"c:\projects\r2h\r2h_project_3day_challenge\.next\static\webpack\webpack.7c121f53cae12707.hot-update.js", "JavaScript", 0, 0, 9, 0, 0, 0, 0, 0, 0, 0, 0, 0, 9, 0, 18
"c:\projects\r2h\r2h_project_3day_challenge\.next\static\webpack\webpack.7cf89a14ec4442bc.hot-update.js", "JavaScript", 0, 0, 9, 0, 0, 0, 0, 0, 0, 0, 0, 0, 9, 0, 18
"c:\projects\r2h\r2h_project_3day_challenge\.next\static\webpack\webpack.7e193997f20c9730.hot-update.js", "JavaScript", 0, 0, 9, 0, 0, 0, 0, 0, 0, 0, 0, 0, 9, 0, 18
"c:\projects\r2h\r2h_project_3day_challenge\.next\static\webpack\webpack.7f3ccff50bd9f485.hot-update.js", "JavaScript", 0, 0, 9, 0, 0, 0, 0, 0, 0, 0, 0, 0, 9, 0, 18
"c:\projects\r2h\r2h_project_3day_challenge\.next\static\webpack\webpack.81345b0ae60b0300.hot-update.js", "JavaScript", 0, 0, 9, 0, 0, 0, 0, 0, 0, 0, 0, 0, 9, 0, 18
"c:\projects\r2h\r2h_project_3day_challenge\.next\static\webpack\webpack.8183cb1e8792126e.hot-update.js", "JavaScript", 0, 0, 9, 0, 0, 0, 0, 0, 0, 0, 0, 0, 9, 0, 18
"c:\projects\r2h\r2h_project_3day_challenge\.next\static\webpack\webpack.83c05753a825bce8.hot-update.js", "JavaScript", 0, 0, 9, 0, 0, 0, 0, 0, 0, 0, 0, 0, 9, 0, 18
"c:\projects\r2h\r2h_project_3day_challenge\.next\static\webpack\webpack.8475ee450891e96d.hot-update.js", "JavaScript", 0, 0, 9, 0, 0, 0, 0, 0, 0, 0, 0, 0, 9, 0, 18
"c:\projects\r2h\r2h_project_3day_challenge\.next\static\webpack\webpack.87f00a8e81ae2bf2.hot-update.js", "JavaScript", 0, 0, 9, 0, 0, 0, 0, 0, 0, 0, 0, 0, 9, 0, 18
"c:\projects\r2h\r2h_project_3day_challenge\.next\static\webpack\webpack.888f7c77e02257f1.hot-update.js", "JavaScript", 0, 0, 9, 0, 0, 0, 0, 0, 0, 0, 0, 0, 9, 0, 18
"c:\projects\r2h\r2h_project_3day_challenge\.next\static\webpack\webpack.8bf4f3cc9395454d.hot-update.js", "JavaScript", 0, 0, 9, 0, 0, 0, 0, 0, 0, 0, 0, 0, 9, 0, 18
"c:\projects\r2h\r2h_project_3day_challenge\.next\static\webpack\webpack.8ea49f725f596afd.hot-update.js", "JavaScript", 0, 0, 9, 0, 0, 0, 0, 0, 0, 0, 0, 0, 9, 0, 18
"c:\projects\r2h\r2h_project_3day_challenge\.next\static\webpack\webpack.910918e58f3e26a4.hot-update.js", "JavaScript", 0, 0, 9, 0, 0, 0, 0, 0, 0, 0, 0, 0, 9, 0, 18
"c:\projects\r2h\r2h_project_3day_challenge\.next\static\webpack\webpack.9278697279144b03.hot-update.js", "JavaScript", 0, 0, 9, 0, 0, 0, 0, 0, 0, 0, 0, 0, 9, 0, 18
"c:\projects\r2h\r2h_project_3day_challenge\.next\static\webpack\webpack.9b0f21b3138a3928.hot-update.js", "JavaScript", 0, 0, 9, 0, 0, 0, 0, 0, 0, 0, 0, 0, 9, 0, 18
"c:\projects\r2h\r2h_project_3day_challenge\.next\static\webpack\webpack.9b5f86f468f92806.hot-update.js", "JavaScript", 0, 0, 9, 0, 0, 0, 0, 0, 0, 0, 0, 0, 9, 0, 18
"c:\projects\r2h\r2h_project_3day_challenge\.next\static\webpack\webpack.9bea6122d3c6b217.hot-update.js", "JavaScript", 0, 0, 9, 0, 0, 0, 0, 0, 0, 0, 0, 0, 9, 0, 18
"c:\projects\r2h\r2h_project_3day_challenge\.next\static\webpack\webpack.9e88e10c4962de25.hot-update.js", "JavaScript", 0, 0, 9, 0, 0, 0, 0, 0, 0, 0, 0, 0, 9, 0, 18
"c:\projects\r2h\r2h_project_3day_challenge\.next\static\webpack\webpack.9f2cf9eeb127120e.hot-update.js", "JavaScript", 0, 0, 9, 0, 0, 0, 0, 0, 0, 0, 0, 0, 9, 0, 18
"c:\projects\r2h\r2h_project_3day_challenge\.next\static\webpack\webpack.9f38b98f085503a2.hot-update.js", "JavaScript", 0, 0, 9, 0, 0, 0, 0, 0, 0, 0, 0, 0, 9, 0, 18
"c:\projects\r2h\r2h_project_3day_challenge\.next\static\webpack\webpack.a218eb8ac278a207.hot-update.js", "JavaScript", 0, 0, 9, 0, 0, 0, 0, 0, 0, 0, 0, 0, 9, 0, 18
"c:\projects\r2h\r2h_project_3day_challenge\.next\static\webpack\webpack.a5b228b70158e08a.hot-update.js", "JavaScript", 0, 0, 9, 0, 0, 0, 0, 0, 0, 0, 0, 0, 9, 0, 18
"c:\projects\r2h\r2h_project_3day_challenge\.next\static\webpack\webpack.a60cf4657183f1b8.hot-update.js", "JavaScript", 0, 0, 9, 0, 0, 0, 0, 0, 0, 0, 0, 0, 9, 0, 18
"c:\projects\r2h\r2h_project_3day_challenge\.next\static\webpack\webpack.a662a58a1fcb7bd7.hot-update.js", "JavaScript", 0, 0, 9, 0, 0, 0, 0, 0, 0, 0, 0, 0, 9, 0, 18
"c:\projects\r2h\r2h_project_3day_challenge\.next\static\webpack\webpack.a7bd7eb9d6bc35ed.hot-update.js", "JavaScript", 0, 0, 9, 0, 0, 0, 0, 0, 0, 0, 0, 0, 9, 0, 18
"c:\projects\r2h\r2h_project_3day_challenge\.next\static\webpack\webpack.a9a3e3e259b895de.hot-update.js", "JavaScript", 0, 0, 9, 0, 0, 0, 0, 0, 0, 0, 0, 0, 9, 0, 18
"c:\projects\r2h\r2h_project_3day_challenge\.next\static\webpack\webpack.acbc7221781e43ce.hot-update.js", "JavaScript", 0, 0, 9, 0, 0, 0, 0, 0, 0, 0, 0, 0, 9, 0, 18
"c:\projects\r2h\r2h_project_3day_challenge\.next\static\webpack\webpack.ad365aaef7ee08d5.hot-update.js", "JavaScript", 0, 0, 9, 0, 0, 0, 0, 0, 0, 0, 0, 0, 9, 0, 18
"c:\projects\r2h\r2h_project_3day_challenge\.next\static\webpack\webpack.ada4fc33800f0844.hot-update.js", "JavaScript", 0, 0, 9, 0, 0, 0, 0, 0, 0, 0, 0, 0, 9, 0, 18
"c:\projects\r2h\r2h_project_3day_challenge\.next\static\webpack\webpack.b02c8919e4360453.hot-update.js", "JavaScript", 0, 0, 9, 0, 0, 0, 0, 0, 0, 0, 0, 0, 9, 0, 18
"c:\projects\r2h\r2h_project_3day_challenge\.next\static\webpack\webpack.b201ce51e3bf2a7a.hot-update.js", "JavaScript", 0, 0, 9, 0, 0, 0, 0, 0, 0, 0, 0, 0, 9, 0, 18
"c:\projects\r2h\r2h_project_3day_challenge\.next\static\webpack\webpack.b26eab7a159cdbc5.hot-update.js", "JavaScript", 0, 0, 9, 0, 0, 0, 0, 0, 0, 0, 0, 0, 9, 0, 18
"c:\projects\r2h\r2h_project_3day_challenge\.next\static\webpack\webpack.b5a1122943ac3a20.hot-update.js", "JavaScript", 0, 0, 9, 0, 0, 0, 0, 0, 0, 0, 0, 0, 9, 0, 18
"c:\projects\r2h\r2h_project_3day_challenge\.next\static\webpack\webpack.b8ce44a0c57cab5d.hot-update.js", "JavaScript", 0, 0, 9, 0, 0, 0, 0, 0, 0, 0, 0, 0, 9, 0, 18
"c:\projects\r2h\r2h_project_3day_challenge\.next\static\webpack\webpack.b8d7de1c996a33b2.hot-update.js", "JavaScript", 0, 0, 9, 0, 0, 0, 0, 0, 0, 0, 0, 0, 9, 0, 18
"c:\projects\r2h\r2h_project_3day_challenge\.next\static\webpack\webpack.ba27b8fd55f664ae.hot-update.js", "JavaScript", 0, 0, 9, 0, 0, 0, 0, 0, 0, 0, 0, 0, 9, 0, 18
"c:\projects\r2h\r2h_project_3day_challenge\.next\static\webpack\webpack.bcbe5e991235363e.hot-update.js", "JavaScript", 0, 0, 9, 0, 0, 0, 0, 0, 0, 0, 0, 0, 9, 0, 18
"c:\projects\r2h\r2h_project_3day_challenge\.next\static\webpack\webpack.c20d15d6683aadd7.hot-update.js", "JavaScript", 0, 0, 9, 0, 0, 0, 0, 0, 0, 0, 0, 0, 9, 0, 18
"c:\projects\r2h\r2h_project_3day_challenge\.next\static\webpack\webpack.c29abae7dc758ee9.hot-update.js", "JavaScript", 0, 0, 9, 0, 0, 0, 0, 0, 0, 0, 0, 0, 9, 0, 18
"c:\projects\r2h\r2h_project_3day_challenge\.next\static\webpack\webpack.c3e3ac98973734a9.hot-update.js", "JavaScript", 0, 0, 9, 0, 0, 0, 0, 0, 0, 0, 0, 0, 9, 0, 18
"c:\projects\r2h\r2h_project_3day_challenge\.next\static\webpack\webpack.c475412ea952b609.hot-update.js", "JavaScript", 0, 0, 9, 0, 0, 0, 0, 0, 0, 0, 0, 0, 9, 0, 18
"c:\projects\r2h\r2h_project_3day_challenge\.next\static\webpack\webpack.c8c4173bdfadb499.hot-update.js", "JavaScript", 0, 0, 9, 0, 0, 0, 0, 0, 0, 0, 0, 0, 9, 0, 18
"c:\projects\r2h\r2h_project_3day_challenge\.next\static\webpack\webpack.ca1240441ae7fc3d.hot-update.js", "JavaScript", 0, 0, 9, 0, 0, 0, 0, 0, 0, 0, 0, 0, 9, 0, 18
"c:\projects\r2h\r2h_project_3day_challenge\.next\static\webpack\webpack.cb21b3870e30fdab.hot-update.js", "JavaScript", 0, 0, 9, 0, 0, 0, 0, 0, 0, 0, 0, 0, 9, 0, 18
"c:\projects\r2h\r2h_project_3day_challenge\.next\static\webpack\webpack.cc87038339a7c3f0.hot-update.js", "JavaScript", 0, 0, 9, 0, 0, 0, 0, 0, 0, 0, 0, 0, 9, 0, 18
"c:\projects\r2h\r2h_project_3day_challenge\.next\static\webpack\webpack.ceeb77defa58b928.hot-update.js", "JavaScript", 0, 0, 9, 0, 0, 0, 0, 0, 0, 0, 0, 0, 9, 0, 18
"c:\projects\r2h\r2h_project_3day_challenge\.next\static\webpack\webpack.d1dd261c6a7bfadd.hot-update.js", "JavaScript", 0, 0, 9, 0, 0, 0, 0, 0, 0, 0, 0, 0, 9, 0, 18
"c:\projects\r2h\r2h_project_3day_challenge\.next\static\webpack\webpack.d256dbfedfee32cb.hot-update.js", "JavaScript", 0, 0, 9, 0, 0, 0, 0, 0, 0, 0, 0, 0, 9, 0, 18
"c:\projects\r2h\r2h_project_3day_challenge\.next\static\webpack\webpack.d89ba72145e6f76a.hot-update.js", "JavaScript", 0, 0, 9, 0, 0, 0, 0, 0, 0, 0, 0, 0, 9, 0, 18
"c:\projects\r2h\r2h_project_3day_challenge\.next\static\webpack\webpack.d911d6af82b8ed36.hot-update.js", "JavaScript", 0, 0, 9, 0, 0, 0, 0, 0, 0, 0, 0, 0, 9, 0, 18
"c:\projects\r2h\r2h_project_3day_challenge\.next\static\webpack\webpack.ddc292503cba456d.hot-update.js", "JavaScript", 0, 0, 9, 0, 0, 0, 0, 0, 0, 0, 0, 0, 9, 0, 18
"c:\projects\r2h\r2h_project_3day_challenge\.next\static\webpack\webpack.dea2c62c45770f55.hot-update.js", "JavaScript", 0, 0, 9, 0, 0, 0, 0, 0, 0, 0, 0, 0, 9, 0, 18
"c:\projects\r2h\r2h_project_3day_challenge\.next\static\webpack\webpack.e13c0af32829b334.hot-update.js", "JavaScript", 0, 0, 9, 0, 0, 0, 0, 0, 0, 0, 0, 0, 9, 0, 18
"c:\projects\r2h\r2h_project_3day_challenge\.next\static\webpack\webpack.e26e905b6bcae92a.hot-update.js", "JavaScript", 0, 0, 9, 0, 0, 0, 0, 0, 0, 0, 0, 0, 9, 0, 18
"c:\projects\r2h\r2h_project_3day_challenge\.next\static\webpack\webpack.e32052124f02f065.hot-update.js", "JavaScript", 0, 0, 9, 0, 0, 0, 0, 0, 0, 0, 0, 0, 9, 0, 18
"c:\projects\r2h\r2h_project_3day_challenge\.next\static\webpack\webpack.e3b8de3a37a7f07f.hot-update.js", "JavaScript", 0, 0, 9, 0, 0, 0, 0, 0, 0, 0, 0, 0, 9, 0, 18
"c:\projects\r2h\r2h_project_3day_challenge\.next\static\webpack\webpack.e405712e112475a6.hot-update.js", "JavaScript", 0, 0, 9, 0, 0, 0, 0, 0, 0, 0, 0, 0, 9, 0, 18
"c:\projects\r2h\r2h_project_3day_challenge\.next\static\webpack\webpack.e4221cb5ddc2f2e9.hot-update.js", "JavaScript", 0, 0, 9, 0, 0, 0, 0, 0, 0, 0, 0, 0, 9, 0, 18
"c:\projects\r2h\r2h_project_3day_challenge\.next\static\webpack\webpack.e45b4410e1808ab6.hot-update.js", "JavaScript", 0, 0, 9, 0, 0, 0, 0, 0, 0, 0, 0, 0, 9, 0, 18
"c:\projects\r2h\r2h_project_3day_challenge\.next\static\webpack\webpack.e751c5f708db026c.hot-update.js", "JavaScript", 0, 0, 9, 0, 0, 0, 0, 0, 0, 0, 0, 0, 9, 0, 18
"c:\projects\r2h\r2h_project_3day_challenge\.next\static\webpack\webpack.e810dde39f44bf44.hot-update.js", "JavaScript", 0, 0, 9, 0, 0, 0, 0, 0, 0, 0, 0, 0, 9, 0, 18
"c:\projects\r2h\r2h_project_3day_challenge\.next\static\webpack\webpack.e87a844dd3671530.hot-update.js", "JavaScript", 0, 0, 9, 0, 0, 0, 0, 0, 0, 0, 0, 0, 9, 0, 18
"c:\projects\r2h\r2h_project_3day_challenge\.next\static\webpack\webpack.eb96e4d33b889300.hot-update.js", "JavaScript", 0, 0, 9, 0, 0, 0, 0, 0, 0, 0, 0, 0, 9, 0, 18
"c:\projects\r2h\r2h_project_3day_challenge\.next\static\webpack\webpack.ecfc8f8c3d61f749.hot-update.js", "JavaScript", 0, 0, 9, 0, 0, 0, 0, 0, 0, 0, 0, 0, 9, 0, 18
"c:\projects\r2h\r2h_project_3day_challenge\.next\static\webpack\webpack.f0adc6fbf84a4f31.hot-update.js", "JavaScript", 0, 0, 9, 0, 0, 0, 0, 0, 0, 0, 0, 0, 9, 0, 18
"c:\projects\r2h\r2h_project_3day_challenge\.next\static\webpack\webpack.f24e204b7b82ac96.hot-update.js", "JavaScript", 0, 0, 9, 0, 0, 0, 0, 0, 0, 0, 0, 0, 9, 0, 18
"c:\projects\r2h\r2h_project_3day_challenge\.next\static\webpack\webpack.f2cce3ee5d85e7c1.hot-update.js", "JavaScript", 0, 0, 9, 0, 0, 0, 0, 0, 0, 0, 0, 0, 9, 0, 18
"c:\projects\r2h\r2h_project_3day_challenge\.next\static\webpack\webpack.f2d8c096d459d30b.hot-update.js", "JavaScript", 0, 0, 9, 0, 0, 0, 0, 0, 0, 0, 0, 0, 9, 0, 18
"c:\projects\r2h\r2h_project_3day_challenge\.next\static\webpack\webpack.f3fc3ebe1675aeeb.hot-update.js", "JavaScript", 0, 0, 9, 0, 0, 0, 0, 0, 0, 0, 0, 0, 9, 0, 18
"c:\projects\r2h\r2h_project_3day_challenge\.next\static\webpack\webpack.f4b631aa65a06fb8.hot-update.js", "JavaScript", 0, 0, 9, 0, 0, 0, 0, 0, 0, 0, 0, 0, 9, 0, 18
"c:\projects\r2h\r2h_project_3day_challenge\.next\static\webpack\webpack.f7ea7a58ae03b830.hot-update.js", "JavaScript", 0, 0, 9, 0, 0, 0, 0, 0, 0, 0, 0, 0, 9, 0, 18
"c:\projects\r2h\r2h_project_3day_challenge\.next\static\webpack\webpack.fc7d991b72c69db3.hot-update.js", "JavaScript", 0, 0, 9, 0, 0, 0, 0, 0, 0, 0, 0, 0, 9, 0, 18
"c:\projects\r2h\r2h_project_3day_challenge\.next\static\webpack\webpack.fe5c077e4896ef4a.hot-update.js", "JavaScript", 0, 0, 9, 0, 0, 0, 0, 0, 0, 0, 0, 0, 9, 0, 18
"c:\projects\r2h\r2h_project_3day_challenge\.next\static\webpack\webpack.feb9636e6a933d4d.hot-update.js", "JavaScript", 0, 0, 9, 0, 0, 0, 0, 0, 0, 0, 0, 0, 9, 0, 18
"c:\projects\r2h\r2h_project_3day_challenge\.next\types\app\aboutme\page.ts", "TypeScript", 0, 0, 0, 0, 52, 0, 0, 0, 0, 0, 0, 0, 10, 18, 80
"c:\projects\r2h\r2h_project_3day_challenge\.next\types\app\college\page.ts", "TypeScript", 0, 0, 0, 0, 52, 0, 0, 0, 0, 0, 0, 0, 10, 18, 80
"c:\projects\r2h\r2h_project_3day_challenge\.next\types\app\contactme\page.ts", "TypeScript", 0, 0, 0, 0, 52, 0, 0, 0, 0, 0, 0, 0, 10, 18, 80
"c:\projects\r2h\r2h_project_3day_challenge\.next\types\app\formdata\page.ts", "TypeScript", 0, 0, 0, 0, 52, 0, 0, 0, 0, 0, 0, 0, 10, 18, 80
"c:\projects\r2h\r2h_project_3day_challenge\.next\types\app\layout.ts", "TypeScript", 0, 0, 0, 0, 52, 0, 0, 0, 0, 0, 0, 0, 10, 18, 80
"c:\projects\r2h\r2h_project_3day_challenge\.next\types\app\r2h\page.ts", "TypeScript", 0, 0, 0, 0, 52, 0, 0, 0, 0, 0, 0, 0, 10, 18, 80
"c:\projects\r2h\r2h_project_3day_challenge\.next\types\app\rustpage\page.ts", "TypeScript", 0, 0, 0, 0, 52, 0, 0, 0, 0, 0, 0, 0, 10, 18, 80
"c:\projects\r2h\r2h_project_3day_challenge\.next\types\app\stack\page.ts", "TypeScript", 0, 0, 0, 0, 52, 0, 0, 0, 0, 0, 0, 0, 10, 18, 80
"c:\projects\r2h\r2h_project_3day_challenge\.next\types\app\toxpy\page.ts", "TypeScript", 0, 0, 0, 0, 52, 0, 0, 0, 0, 0, 0, 0, 10, 18, 80
"c:\projects\r2h\r2h_project_3day_challenge\.next\types\package.json", "JSON", 0, 0, 0, 1, 0, 0, 0, 0, 0, 0, 0, 0, 0, 0, 1
"c:\projects\r2h\r2h_project_3day_challenge\Dockerfile", "Docker", 0, 0, 0, 0, 0, 0, 0, 9, 0, 0, 0, 0, 0, 9, 18
"c:\projects\r2h\r2h_project_3day_challenge\README.md", "Markdown", 0, 0, 0, 0, 0, 23, 0, 0, 0, 0, 0, 0, 0, 14, 37
"c:\projects\r2h\r2h_project_3day_challenge\app\aboutme\page.tsx", "TypeScript JSX", 0, 0, 0, 0, 0, 0, 0, 0, 205, 0, 0, 0, 5, 3, 213
"c:\projects\r2h\r2h_project_3day_challenge\app\all.module.css", "CSS", 0, 0, 0, 0, 0, 0, 0, 0, 0, 0, 0, 2, 0, 1, 3
"c:\projects\r2h\r2h_project_3day_challenge\app\animateEntry.tsx", "TypeScript JSX", 0, 0, 0, 0, 0, 0, 0, 0, 24, 0, 0, 0, 0, 3, 27
"c:\projects\r2h\r2h_project_3day_challenge\app\api\contact\route.ts", "TypeScript", 0, 0, 0, 0, 21, 0, 0, 0, 0, 0, 0, 0, 0, 6, 27
"c:\projects\r2h\r2h_project_3day_challenge\app\college\accordion.tsx", "TypeScript JSX", 0, 0, 0, 0, 0, 0, 0, 0, 55, 0, 0, 0, 0, 3, 58
"c:\projects\r2h\r2h_project_3day_challenge\app\college\applications.tsx", "TypeScript JSX", 0, 0, 0, 0, 0, 0, 0, 0, 72, 0, 0, 0, 0, 3, 75
"c:\projects\r2h\r2h_project_3day_challenge\app\college\page.tsx", "TypeScript JSX", 0, 0, 0, 0, 0, 0, 0, 0, 25, 0, 0, 0, 0, 2, 27
"c:\projects\r2h\r2h_project_3day_challenge\app\college\progress.tsx", "TypeScript JSX", 0, 0, 0, 0, 0, 0, 0, 0, 44, 0, 0, 0, 3, 6, 53
"c:\projects\r2h\r2h_project_3day_challenge\app\contactme\page.tsx", "TypeScript JSX", 0, 0, 0, 0, 0, 0, 0, 0, 18, 0, 0, 0, 0, 2, 20
"c:\projects\r2h\r2h_project_3day_challenge\app\formdata\page.tsx", "TypeScript JSX", 0, 0, 0, 0, 0, 0, 0, 0, 28, 0, 0, 0, 0, 3, 31
"c:\projects\r2h\r2h_project_3day_challenge\app\formdata\table.module.css", "CSS", 0, 0, 0, 0, 0, 0, 0, 0, 0, 0, 0, 5, 0, 0, 5
"c:\projects\r2h\r2h_project_3day_challenge\app\formdata\table.tsx", "TypeScript JSX", 0, 0, 0, 0, 0, 0, 0, 0, 82, 0, 0, 0, 0, 4, 86
"c:\projects\r2h\r2h_project_3day_challenge\app\globals.css", "CSS", 0, 0, 0, 0, 0, 0, 0, 0, 0, 0, 0, 6, 0, 1, 7
"c:\projects\r2h\r2h_project_3day_challenge\app\layout.tsx", "TypeScript JSX", 0, 0, 0, 0, 0, 0, 0, 0, 62, 0, 0, 0, 0, 5, 67
"c:\projects\r2h\r2h_project_3day_challenge\app\loading.module.css", "CSS", 0, 0, 0, 0, 0, 0, 0, 0, 0, 0, 0, 29, 0, 5, 34
"c:\projects\r2h\r2h_project_3day_challenge\app\loading.tsx", "TypeScript JSX", 0, 0, 0, 0, 0, 0, 0, 0, 32, 0, 0, 0, 0, 2, 34
"c:\projects\r2h\r2h_project_3day_challenge\app\page.tsx", "TypeScript JSX", 0, 0, 0, 0, 0, 0, 0, 0, 9, 0, 0, 0, 0, 2, 11
"c:\projects\r2h\r2h_project_3day_challenge\app\r2h\page.tsx", "TypeScript JSX", 0, 0, 0, 0, 0, 0, 0, 0, 34, 0, 0, 0, 2, 2, 38
"c:\projects\r2h\r2h_project_3day_challenge\app\rustpage\page.tsx", "TypeScript JSX", 0, 0, 0, 0, 0, 0, 0, 0, 26, 0, 0, 0, 0, 2, 28
"c:\projects\r2h\r2h_project_3day_challenge\app\stack\page.tsx", "TypeScript JSX", 0, 0, 0, 0, 0, 0, 0, 0, 166, 0, 0, 0, 0, 6, 172
"c:\projects\r2h\r2h_project_3day_challenge\app\toxpy\page.tsx", "TypeScript JSX", 0, 0, 0, 0, 0, 0, 0, 0, 25, 0, 0, 0, 0, 2, 27
"c:\projects\r2h\r2h_project_3day_challenge\contact\component.tsx", "TypeScript JSX", 0, 0, 0, 0, 0, 0, 0, 0, 125, 0, 0, 0, 0, 19, 144
"c:\projects\r2h\r2h_project_3day_challenge\db.ts", "TypeScript", 0, 0, 0, 0, 44, 0, 0, 0, 0, 0, 0, 0, 0, 8, 52
"c:\projects\r2h\r2h_project_3day_challenge\footer\component.tsx", "TypeScript JSX", 0, 0, 0, 0, 0, 0, 0, 0, 26, 0, 0, 0, 6, 4, 36
"c:\projects\r2h\r2h_project_3day_challenge\footer\style.module.css", "CSS", 0, 0, 0, 0, 0, 0, 0, 0, 0, 0, 0, 19, 0, 3, 22
"c:\projects\r2h\r2h_project_3day_challenge\header\component.tsx", "TypeScript JSX", 0, 0, 0, 0, 0, 0, 0, 0, 73, 0, 0, 0, 0, 8, 81
"c:\projects\r2h\r2h_project_3day_challenge\header\style.module.scss", "SCSS", 0, 0, 0, 0, 0, 0, 0, 0, 0, 0, 54, 0, 2, 10, 66
"c:\projects\r2h\r2h_project_3day_challenge\local.db", "sqlite3-editor-database", 0, 6, 0, 0, 0, 0, 0, 0, 0, 0, 0, 0, 0, 0, 6
"c:\projects\r2h\r2h_project_3day_challenge\next-env.d.ts", "TypeScript", 0, 0, 0, 0, 0, 0, 0, 0, 0, 0, 0, 0, 4, 2, 6
"c:\projects\r2h\r2h_project_3day_challenge\next.config.js", "JavaScript", 0, 0, 2, 0, 0, 0, 0, 0, 0, 0, 0, 0, 1, 2, 5
"c:\projects\r2h\r2h_project_3day_challenge\package.json", "JSON", 0, 0, 0, 41, 0, 0, 0, 0, 0, 0, 0, 0, 0, 1, 42
"c:\projects\r2h\r2h_project_3day_challenge\postcss.config.js", "JavaScript", 0, 0, 14, 0, 0, 0, 0, 0, 0, 0, 0, 0, 0, 0, 14
"c:\projects\r2h\r2h_project_3day_challenge\public\next.svg", "XML", 0, 0, 0, 0, 0, 0, 0, 0, 0, 1, 0, 0, 0, 0, 1
"c:\projects\r2h\r2h_project_3day_challenge\public\vercel.svg", "XML", 0, 0, 0, 0, 0, 0, 0, 0, 0, 1, 0, 0, 0, 0, 1
"c:\projects\r2h\r2h_project_3day_challenge\tailwind.config.ts", "TypeScript", 0, 0, 0, 0, 19, 0, 0, 0, 0, 0, 0, 0, 0, 2, 21
"c:\projects\r2h\r2h_project_3day_challenge\tsconfig.json", "JSON with Comments", 25, 0, 0, 0, 0, 0, 0, 0, 0, 0, 0, 0, 2, 1, 28
"c:\projects\r2h\r2h_project_3day_challenge\yarn-error.log", "Log", 0, 0, 0, 0, 0, 0, 2336, 0, 0, 0, 0, 0, 0, 365, 2701
"Total", "-", 28, 6, 66653, 272, 552, 23, 2336, 9, 1131, 2, 54, 259, 41394, 39455, 152174